person_name,user_name,email,personal_number,birth_date,address,phone,mac_address,ip_address,iban,accessed_at,session_duration,download_speed,upload_speed,consumed_traffic
Zenovia Toma,zenoviatoma,zenoviatoma@email.ro,1310307281148,1943-12-19,"Bulevardul Dima, Stei, 915629",0766 051 632,9f:0f:52:07:60:03,160.106.53.161,RO62VFSP8310700299304695,2025-03-23 14:20:27,19597,816,327,155049
Alexandra Popescu,alexandrapopescu,alexandrapopescu@email.ro,7031112266365,1983-01-31,"Aleea Toma Nr. 576, Sancraiu de Mures, 969309",0761 869 652,3a:80:f7:87:c7:25,187.176.175.148,RO13IIQD7726424777704278,2025-01-15 12:08:11,27063,335,645,651932
Nicolae Ene,nicolaeene,nicolaeene@zzup.ro,2801004124310,1961-10-23,"Bulevardul Ioniță Nr. 773, Gherla, 721548",0734 989 197,dc:92:55:65:56:b6,197.47.89.80,RO83GFIG2562917114256604,2025-01-08 06:25:13,2826,662,619,834981
Dumitrana Stancu,dumitranastancu,dumitranastancu@post.ro,5730810350118,1913-10-30,"Bulevardul Emanuel Stănescu, Valenii de Munte, 988787",0241 081 727,21:26:fc:40:be:7c,32.168.121.18,RO64SKLX1360372264777001,2025-02-14 04:39:07,10584,448,309,1612228
Corina Manole,corinamanole,corinamanole@post.ro,2230802381480,2023-05-22,"Soseaua Barbu, Busteni, 122585",0785 917 154,0f:73:76:f1:2d:8f,181.84.99.130,RO40LFFO6256216962359606,2025-03-26 18:36:21,14064,446,346,1465613
Dominic Cristea,dominiccristea,dominiccristea@141.ro,2520227458500,1983-05-05,"Strada Ene Nr. 80 Bl. 85  Sc. 22 Ap. 249, Straja, 635000",0258 271 045,54:da:27:51:37:83,143.110.69.154,RO55JOGO1103036350630883,2024-07-20 22:26:44,17588,946,170,446943
Mona Albu,monaalbu,monaalbu@post.ro,2101129304415,1952-11-27,"Intrarea Cristea Nr. 453, Botosani, 855305",0247 559 445,b7:48:20:3a:bf:13,72.28.144.70,RO23JMMS6475386606580673,2024-06-19 05:42:28,24765,567,90,1952745
Adelaida Ionescu,adelaidaionescu,adelaidaionescu@gmail.com,7780304297408,1982-05-08,"Intrarea Costache Stănescu Nr. 19 Bl. 38  Sc. 12 Ap. 889, Odorheiu Secuiesc, 308460",0722 047 091,24:75:cc:dd:18:b1,91.226.27.124,RO79SENL6703532877034440,2025-03-12 16:09:58,34731,491,639,1954865
Felix Nemeș,felixnemeș,felixnemeș@email.ro,3040327365444,1963-08-05,"Intrarea Demetra Dochioiu Nr. 253, Husi, 699645",0256 943 050,55:02:f3:58:19:47,57.82.92.253,RO36OWDI8721938687790645,2025-02-15 04:22:33,29883,136,17,905928
Inocențiu Suciu,inocențiusuciu,inocențiusuciu@kappa.ro,7120730372858,1917-04-30,"Drumul Florian Mocanu Nr. 753, Glina, 528746",0246 853 682,26:52:82:19:00:81,7.97.33.151,RO94BHMB1354191583202854,2025-04-20 13:57:03,19316,77,498,1080508
Jan Mocanu,janmocanu,janmocanu@gmail.com,7010913406672,1977-02-10,"Strada Stancu Nr. 36, Mihail Kogalniceanu, 281529",0763 887 777,e0:0a:d5:19:65:a2,99.165.6.225,RO21XNVK0042487305114610,2024-11-23 13:35:34,5830,882,439,1827140
Șerban Nemeș,șerbannemeș,șerbannemeș@kappa.ro,4090709178263,1986-09-20,"Intrarea Mocanu Nr. 995, Arad, 537074",0743 850 784,74:39:1d:84:99:e0,110.224.186.46,RO13QZMN6310618226303735,2024-11-20 06:13:59,10200,363,344,835438
Mirona Ardelean,mironaardelean,mironaardelean@acasa.ro,7611101118900,1989-05-30,"Intrarea Popa Nr. 550 Bl. 51  Sc. 63 Ap. 480, Simleu Silvaniei, 771940",0269 639 657,0b:f2:7a:58:bb:41,1.87.120.201,RO22NTHX3465770389825659,2024-07-01 23:30:05,13939,526,287,703701
Beniamin Oprea,beniaminoprea,beniaminoprea@acasa.ro,5290117261818,1920-07-14,"Intrarea Steliana Manole Nr. 745, Roman, 172528",0235 467 476,d6:7b:ec:c7:a6:e5,119.11.8.55,RO98ZZFK2592617687178486,2024-12-04 06:06:06,4826,112,96,351153
Ștefan Nistor,ștefannistor,ștefannistor@post.ro,4251218210361,1924-08-07,"Bulevardul Dobre, Simleu Silvaniei, 387017",0746 681 288,fc:e2:fc:58:f4:75,60.83.105.211,RO29HLCN9531723970144350,2024-08-21 01:05:38,10463,615,505,470230
Teodosia Stan,teodosiastan,teodosiastan@post.ro,8430630464029,1948-03-29,"Intrarea Ene Nr. 308 Bl. 91  Sc. 87 Ap. 918, Dancu, 376336",0720 260 133,18:f9:d8:22:aa:e1,42.247.153.54,RO73HGMV3494367002506974,2024-09-07 09:10:44,32907,194,587,388451
Alex Ioniță,alexioniță,alexioniță@141.ro,1740630462644,1922-12-12,"Aleea Dinu, Schela Cladovei, 806305",0240 424 127,cf:49:07:8b:c2:6b,146.196.213.70,RO51HFFY7986224431600733,2024-12-11 16:21:10,14782,642,477,1545577
Emanuil Ionescu,emanuilionescu,emanuilionescu@141.ro,1240628433796,1985-07-24,"Intrarea Albu, Bolintin-Vale, 939573",0757 955 647,b6:cb:02:f6:28:06,195.76.108.177,RO64LKNA5044440413029848,2024-06-29 00:11:59,29621,883,378,1843631
Florentina Diaconu,florentinadiaconu,florentinadiaconu@gmail.com,5890319333583,1985-09-13,"Strada Julia Niță, Cajvana, 541823",0765 083 703,81:4e:d6:53:c9:7e,55.44.154.60,RO78OAGU7658810141446792,2024-11-23 23:03:32,10260,45,235,364736
Mara Dobre,maradobre,maradobre@kappa.ro,3160615288960,1946-02-16,"Strada Teohari Eftimie Nr. 140, Moreni, 225326",0725 940 567,2c:aa:c7:8b:14:b2,49.226.83.25,RO67WEUR2639353541276363,2025-05-04 03:18:57,28397,955,735,1934261
Casiana Popa,casianapopa,casianapopa@zzup.ro,5740430175766,1938-05-19,"Bulevardul Niță Nr. 63 Bl. 82  Sc. 73 Ap. 353, Mioveni, 777807",0258 603 718,0a:cd:51:6a:c8:55,194.202.67.67,RO38WYYE2917488300787886,2024-10-03 15:46:20,19821,42,146,1454566
Georgia Ene,georgiaene,georgiaene@zzup.ro,1500210301901,2024-10-17,"Soseaua Tomescu Nr. 937, Pipera (Voluntari), 573040",0727 533 689,ae:cd:90:f8:eb:38,27.139.186.217,RO08HRSJ5555250821457176,2024-08-03 20:47:10,25890,141,719,409037
Alma Nistor,almanistor,almanistor@kappa.ro,8530218293411,1953-05-14,"Aleea Nemeș Nr. 683 Bl. 37  Sc. 89 Ap. 259, Balotesti, 617776",0757 887 816,73:24:9b:f7:5c:a7,190.17.205.75,RO08LPXQ1605660055119228,2025-01-02 22:19:01,14265,114,601,724893
Niculina Dima,niculinadima,niculinadima@141.ro,8700417266408,1958-10-04,"Intrarea Suzana Oprea Nr. 52, Ianca, 202239",0723 926 869,8d:68:75:da:17:ef,183.7.17.222,RO53WHDJ0228566151416405,2025-03-20 21:53:34,3926,555,56,1436550
Vanesa Dumitrescu,vanesadumitrescu,vanesadumitrescu@email.ro,5681203019134,2020-09-10,"Drumul Demetra Oprea Nr. 50, Sangeorz-Bai, 973101",0725 214 055,f4:ce:cc:e5:d3:70,24.66.143.108,RO97KZBK6690265070920291,2024-09-17 07:54:45,28931,309,177,1378289
Cezara Tabacu,cezaratabacu,cezaratabacu@141.ro,4550228526586,1992-12-06,"Strada Lucrețiu Tudor, Remetea, 214743",0748 793 348,28:44:21:e2:2a:39,188.7.94.148,RO23ZQGM1765137676811808,2025-01-30 02:27:03,25257,779,536,946285
Mălina Ionescu,mălinaionescu,mălinaionescu@141.ro,5410113290048,1946-11-21,"Strada Tabacu Nr. 123, Huedin, 634938",0780 912 615,3c:9a:67:dc:43:24,214.72.242.125,RO41FVPR6897610873775686,2025-05-07 04:23:04,14800,84,424,1380553
Victoria Pușcașu,victoriapușcașu,victoriapușcașu@kappa.ro,3411107248225,2007-04-09,"Strada Nemeș Nr. 41 Bl. 51  Sc. 28 Ap. 624, Videle, 202355",0746 399 234,41:61:4e:c9:40:42,192.201.103.3,RO97GZJV6046124544360611,2024-06-25 18:23:14,32276,511,490,102868
Romulus Cristea,romuluscristea,romuluscristea@acasa.ro,3711228192767,1913-07-09,"Strada Mazilescu Nr. 26 Bl. 71  Sc. 27 Ap. 747, Covasna, 541970",0749 096 342,d4:52:f5:2d:73:06,113.234.51.44,RO91NJJS0998297805347908,2025-04-24 04:36:17,7777,768,265,808492
Noemi Florea,noemiflorea,noemiflorea@zzup.ro,1960129107507,1962-11-10,"Strada Stoica Nr. 358 Bl. 28  Sc. 98 Ap. 330, Topoloveni, 959750",0259 063 017,af:a0:37:0a:8a:6b,118.25.149.245,RO49HATF5559379698840790,2024-10-15 13:07:27,27169,0,302,1176734
Anca Nistor,ancanistor,ancanistor@gmail.com,8131214411980,1961-08-03,"Drumul Flora Marin Nr. 13, Calarasi, 804226",0771 494 898,04:4f:22:60:6b:c3,101.219.206.40,RO43RQBW8705705370778567,2024-07-12 21:56:15,23647,752,218,171083
Fabiana Pușcașu,fabianapușcașu,fabianapușcașu@email.ro,3630913416562,1974-12-06,"Soseaua Mazilescu Nr. 42 Bl. 64  Sc. 14 Ap. 645, Balotesti, 161086",0258 499 085,ce:c8:7d:c8:e7:84,133.149.98.135,RO42FARE5739211218581994,2024-07-26 11:01:11,20125,185,384,1522039
Carmina Albu,carminaalbu,carminaalbu@post.ro,5430812381169,1956-06-11,"Drumul Nistor, Uricani, 767957",0759 682 631,bf:86:46:79:89:11,223.44.51.67,RO68VNBY5717434009553720,2024-06-01 17:31:46,6323,808,15,1835888
Norbert Diaconu,norbertdiaconu,norbertdiaconu@zzup.ro,6991104323810,1912-05-05,"Strada Preda, Sannicolau Mare, 336317",0255 175 625,49:4e:11:87:94:16,119.183.51.32,RO96MQRT8258742527193117,2025-04-11 18:59:54,16470,8,152,1574638
Felicia Cristea,feliciacristea,feliciacristea@kappa.ro,8531012160191,1968-06-24,"Bulevardul Stan, Plosca, 576721",0267 692 383,4e:9e:b8:1e:dc:37,42.251.73.219,RO26WVYZ1802445267424433,2025-05-03 08:28:59,34512,820,629,1407280
Petre Ardelean,petreardelean,petreardelean@acasa.ro,7400118028535,2007-01-24,"Intrarea Toma Tabacu, Corund, 326067",0785 776 333,9f:76:2c:07:67:37,97.195.115.3,RO45KPDR3854547142873618,2025-04-26 18:07:47,11668,244,44,1580992
Betina Tabacu,betinatabacu,betinatabacu@kappa.ro,2820614226864,1952-11-21,"Bulevardul Vera Nemeș, Giarmata, 644188",0753 063 976,43:84:78:c5:bc:b3,102.232.58.247,RO72CMDL1174772533326818,2024-11-04 10:19:06,33970,767,711,453010
Dorin Preda,dorinpreda,dorinpreda@gmail.com,1290223040020,2025-01-17,"Intrarea Dima Nr. 649, Salonta, 805000",0728 325 848,33:12:43:6a:31:a9,147.104.207.34,RO55EIXE3951625044588521,2025-01-02 02:49:34,26951,954,364,752590
Semenica Ardelean,semenicaardelean,semenicaardelean@email.ro,2530120015108,1990-03-09,"Bulevardul Voinea Nr. 97, Viseu de Sus, 689992",0734 187 450,0c:3a:b4:4a:1d:36,134.77.176.205,RO27MPRP4001224758750742,2024-06-17 17:58:23,2733,754,467,2010
Tamara Pop,tamarapop,tamarapop@141.ro,4560526510161,1929-08-09,"Drumul Gheorghe Stoica Nr. 14 Bl. 38  Sc. 52 Ap. 801, Peretu, 444956",0728 031 320,58:c6:d4:58:a2:48,162.160.67.231,RO03HQRV5687196204300187,2024-10-20 01:08:04,31337,729,728,1140118
Augustin Ababei,augustinababei,augustinababei@acasa.ro,3401029172277,1914-02-15,"Intrarea Mocanu, Vaslui, 523893",0746 217 912,49:78:c1:45:8d:88,101.118.232.116,RO40RESL3653451424948040,2024-05-13 16:59:15,21521,195,129,1226176
Darius Popa,dariuspopa,dariuspopa@kappa.ro,6910428222212,1930-03-08,"Drumul Iancu Stoica Nr. 173, Rosiori de Vede, 272635",0240 777 046,e2:74:e9:87:cf:64,107.0.181.25,RO36VUJG1004909101126737,2025-04-18 02:48:25,21913,637,540,677320
Andrian Popa,andrianpopa,andrianpopa@acasa.ro,4480328254072,1964-01-31,"Drumul Violeta Tabacu Nr. 23 Bl. 55  Sc. 42 Ap. 554, Giarmata, 372859",0720 224 612,4c:52:7d:ee:45:b9,184.115.28.240,RO58SSQB9824778965961034,2025-04-20 17:29:46,3284,383,205,768071
Aleodor Popescu,aleodorpopescu,aleodorpopescu@acasa.ro,2091130244506,1970-08-13,"Bulevardul Florea Nr. 750 Bl. 36  Sc. 75 Ap. 477, Maieru, 421255",0255 335 494,2d:2f:e0:f1:62:51,185.28.128.197,RO60MNCK3967453337981290,2024-06-23 14:52:13,11887,673,388,1304439
Norbert Dochioiu,norbertdochioiu,norbertdochioiu@acasa.ro,1090826219099,2024-11-03,"Strada Emanoil Ionescu, Negresti-Oas, 169693",0256 588 319,22:21:ce:87:25:ba,137.161.123.83,RO32KQHY7151399868561940,2024-07-01 23:45:34,20457,939,780,545893
Vera Mazilescu,veramazilescu,veramazilescu@kappa.ro,4690314256601,2016-08-28,"Strada Voinea Nr. 74 Bl. 66  Sc. 71 Ap. 477, Negresti-Oas, 993328",0746 654 941,f0:82:12:d1:be:b3,146.121.46.94,RO11MECY0632386453699426,2024-05-28 19:20:50,25677,153,256,763680
Ina Pop,inapop,inapop@acasa.ro,7920816046905,1932-04-12,"Aleea Stan Nr. 862 Bl. 95  Sc. 28 Ap. 871, Murfatlar, 998090",0780 964 528,1f:7e:6f:fc:ea:7d,191.117.67.153,RO17GIQL9289446875863843,2025-04-28 05:43:42,12661,665,24,70373
Mitică Oprea,miticăoprea,miticăoprea@141.ro,7090426213027,1961-09-23,"Bulevardul Voinea Nr. 154 Bl. 69  Sc. 14 Ap. 551, Radauti, 805036",0260 288 320,62:6b:fe:04:87:53,207.242.7.154,RO81WTZX7920898668592791,2024-10-17 02:47:48,27981,243,306,1981548
Ruxandra Dobre,ruxandradobre,ruxandradobre@post.ro,2811019408779,1910-03-02,"Drumul Pușcașu Nr. 50 Bl. 21  Sc. 20 Ap. 106, Ineu, 667291",0757 285 973,09:33:4b:64:97:da,50.190.33.149,RO07KUIF4362445279279506,2025-02-04 01:48:53,27627,429,372,1498344
Darius Gheorghiu,dariusgheorghiu,dariusgheorghiu@gmail.com,3751228137888,1946-06-16,"Aleea Mălina Ioniță Nr. 47, Giroc, 286392",0729 126 155,bb:27:8a:93:06:2f,165.73.30.203,RO14MHLO3024315538941883,2025-02-07 12:27:47,3572,483,425,1928682
Maximilian Dima,maximiliandima,maximiliandima@email.ro,7750406160884,1969-09-08,"Strada Nistor, Poienile de sub Munte, 510925",0757 708 044,d8:46:c3:23:de:86,91.241.67.218,RO33DPQQ3961686419213316,2024-07-26 12:11:19,33358,848,187,594309
Rebeca Manole,rebecamanole,rebecamanole@kappa.ro,8850829228966,2015-04-22,"Bulevardul Nemeș Nr. 486, Oradea, 704195",0234 383 916,2e:f2:59:23:bd:0a,164.184.134.202,RO12VEYG0482606124616452,2024-11-02 01:55:29,3215,433,256,897844
Gina Cristea,ginacristea,ginacristea@post.ro,5811117527251,1950-01-27,"Soseaua Aanei Nr. 382 Bl. 29  Sc. 42 Ap. 614, Navodari, 905730",0268 022 554,74:23:17:c7:9f:b8,201.0.66.111,RO68VMUG2213676212298094,2024-08-12 23:59:11,2515,413,750,360760
Casiana Mazilescu,casianamazilescu,casianamazilescu@kappa.ro,4100614187761,2007-11-18,"Soseaua Renata Preda Nr. 30 Bl. 62  Sc. 23 Ap. 862, Eforie Nord, 685421",0756 039 375,f5:3f:db:8a:68:b7,122.100.30.136,RO46WMEE1156954133543133,2025-04-30 07:11:34,734,904,401,1020403
Pamela Dima,pameladima,pameladima@acasa.ro,6410515102502,1999-06-27,"Aleea Florea Nr. 690, Berceni, 152565",0263 373 784,81:82:a0:09:49:61,52.226.244.166,RO86PAML7967824233533579,2024-11-06 23:08:04,23664,334,546,1887393
Sânziana Barbu,sânzianabarbu,sânzianabarbu@post.ro,6860430175981,1993-12-02,"Drumul Voinea Nr. 78 Bl. 30  Sc. 66 Ap. 304, Bacau, 486831",0736 576 036,25:bc:39:de:ae:5f,219.156.17.71,RO92CHDM0608905828091053,2024-05-14 16:19:40,33150,796,275,553274
Ioanina Albu,ioaninaalbu,ioaninaalbu@kappa.ro,4900230264981,2020-05-11,"Intrarea Barbu Nr. 129 Bl. 54  Sc. 83 Ap. 241, Sibiu, 393942",0763 118 122,cb:ed:96:d5:34:01,108.119.53.232,RO09AVWQ6270852705769437,2024-06-04 03:11:47,17345,986,507,1255779
Roza Tomescu,rozatomescu,rozatomescu@kappa.ro,6330414168586,1951-04-14,"Bulevardul Tudor Nr. 808, Navodari, 164698",0250 051 016,41:bd:b6:2e:23:c2,20.212.183.70,RO71AHPY2886719573132053,2024-10-13 14:50:04,15285,16,645,1045297
Panait Stancu,panaitstancu,panaitstancu@post.ro,8030316237356,1951-06-05,"Aleea Dochioiu, Marasesti, 803085",0722 569 974,68:01:ab:ad:f9:04,126.217.93.45,RO60HVBX2803000886882141,2024-07-06 03:07:54,17047,744,709,136394
Emanoil Ardelean,emanoilardelean,emanoilardelean@zzup.ro,2520503400883,1917-12-14,"Aleea Dumitrescu Nr. 656, Pitesti, 675572",0248 763 433,0f:61:8a:be:78:c5,133.108.25.3,RO94QQCW2627151923751031,2024-09-22 05:38:25,7739,176,170,112160
Daiana Dima,daianadima,daianadima@acasa.ro,4601009414223,1941-08-20,"Aleea Stan Nr. 28 Bl. 16  Sc. 73 Ap. 786, Nasaud, 302164",0732 489 183,57:31:0c:e2:7a:93,88.188.63.147,RO07VYUX3628706435504166,2024-10-11 22:38:51,33617,212,212,1380997
Filofteia Dumitrescu,filofteiadumitrescu,filofteiadumitrescu@141.ro,2850208426789,1993-04-05,"Aleea Barbu, Alexandria, 974331",0768 563 465,ad:bb:ab:43:25:0f,63.99.46.130,RO87SAFW4092664745075101,2025-02-08 12:51:33,15581,663,338,862665
Andrian Tabacu,andriantabacu,andriantabacu@zzup.ro,7071104091484,1938-11-04,"Aleea Lioara Barbu, Pancota, 250820",0737 829 927,ce:e1:27:46:f6:41,22.5.189.180,RO20ZYCE7216727853910501,2025-02-26 14:52:59,4139,870,590,1606587
Niculina Dochioiu,niculinadochioiu,niculinadochioiu@141.ro,6680724268755,1912-11-11,"Bulevardul Fiodor Aanei Nr. 567 Bl. 28  Sc. 18 Ap. 281, Lupeni, 739100",0765 483 612,b6:9f:0a:92:89:df,107.198.91.118,RO82MPYU1003273168310516,2024-07-18 12:58:30,5909,727,125,1330271
Anaida Gheorghiu,anaidagheorghiu,anaidagheorghiu@email.ro,8950603079342,1991-10-18,"Intrarea Marcela Tudor Nr. 962 Bl. 37  Sc. 38 Ap. 443, Chitila, 463066",0267 879 429,54:72:ef:b1:d4:d8,199.85.70.61,RO18IXHP3866507418900984,2024-08-30 23:18:41,14580,455,468,171314
Zenovia Pușcașu,zenoviapușcașu,zenoviapușcașu@kappa.ro,6590907137067,1918-10-19,"Intrarea Oprea Nr. 33, Intorsura Buzaului, 843549",0259 953 094,03:8e:ff:b6:0d:5e,139.195.31.228,RO14KVBW8034193478088286,2025-01-07 03:45:42,1957,776,81,1297581
Henrieta Popescu,henrietapopescu,henrietapopescu@141.ro,8111102442350,1956-10-21,"Strada Cezar Manole Nr. 871 Bl. 71  Sc. 98 Ap. 569, Tarnaveni, 765961",0242 008 681,49:40:29:e5:ad:a2,85.213.206.135,RO29HBZH5755260224318716,2025-02-23 18:10:23,9769,570,292,1017590
Emanuel Stancu,emanuelstancu,emanuelstancu@email.ro,5790215062634,1924-04-02,"Strada Popa Nr. 97 Bl. 39  Sc. 90 Ap. 977, Dobroesti, 810182",0729 498 756,d7:5f:e9:42:c4:c5,66.14.87.100,RO95NFFX6250132689241950,2024-08-08 01:45:14,29069,385,60,458662
Flaviu Nemeș,flaviunemeș,flaviunemeș@acasa.ro,8790712341514,2023-01-16,"Bulevardul Florea, Curtea de Arges, 447160",0742 115 204,85:39:41:85:28:62,164.37.222.11,RO95QMIO1400638758026745,2025-03-04 06:31:51,15975,117,93,1390263
Emanuil Popescu,emanuilpopescu,emanuilpopescu@email.ro,1641130254201,1963-08-01,"Strada Nistor, Pechea, 392504",0755 365 804,1a:28:41:f1:9f:a0,54.7.253.54,RO65VNBK4928024354697366,2024-06-30 06:49:54,22,514,755,1792010
Semenica Marin,semenicamarin,semenicamarin@141.ro,7860621465034,1927-06-28,"Bulevardul Tudor, Intorsura Buzaului, 522476",0786 391 994,7a:0a:88:57:ca:45,15.44.169.158,RO19IXUW1432717423981790,2024-12-24 13:22:30,3725,627,543,1716498
Arian Aanei,arianaanei,arianaanei@post.ro,5650407285244,1964-12-01,"Strada Lucia Gheorghiu Nr. 879 Bl. 43  Sc. 15 Ap. 449, Curtea de Arges, 464973",0724 129 972,62:1c:59:bf:8c:d9,201.238.178.221,RO95NTFV8826706955603049,2024-11-28 18:11:12,11097,507,158,1276329
Julieta Stan,julietastan,julietastan@zzup.ro,4060412011431,1926-04-21,"Soseaua Pușcașu Nr. 280 Bl. 98  Sc. 49 Ap. 868, Teius, 360622",0233 412 571,61:d7:d8:2e:65:d5,156.9.46.144,RO53OUCA6298341835077638,2025-03-19 21:08:29,4713,631,432,1870557
Evelina Oprea,evelinaoprea,evelinaoprea@zzup.ro,4140327452364,1968-06-09,"Aleea Dobre Nr. 80, Braila, 528063",0728 466 107,08:8d:94:f6:18:9e,105.10.234.109,RO06VUOA3147737139424613,2024-06-04 12:26:14,28015,238,293,329170
Ozana Suciu,ozanasuciu,ozanasuciu@141.ro,1260602178871,1926-07-29,"Soseaua Manole Nr. 619 Bl. 55  Sc. 37 Ap. 311, Slobozia, 418698",0240 527 137,7c:ac:6d:09:9b:a4,139.81.0.7,RO91JEUH9262063225155014,2024-11-09 20:50:09,28045,138,213,311163
Bernard Dima,bernarddima,bernarddima@141.ro,2710310357794,1986-12-13,"Soseaua Stancu Nr. 879, Alesd, 353271",0256 923 981,fb:2a:d7:d2:7b:05,124.2.145.232,RO60UQGB0692486843108823,2025-01-10 01:01:09,9588,870,641,937393
Maia Ene,maiaene,maiaene@zzup.ro,2410216010098,1927-06-28,"Aleea Popescu Nr. 131 Bl. 50  Sc. 92 Ap. 687, Toplita, 725388",0752 453 062,14:1f:ce:49:f5:a1,36.233.122.48,RO36QVPT7176022455051819,2025-04-20 16:19:37,30231,899,760,513372
Cantemir Manole,cantemirmanole,cantemirmanole@141.ro,3291006140863,1959-10-05,"Drumul Nae Cristea Nr. 24 Bl. 74  Sc. 95 Ap. 646, Otelu Rosu, 921323",0238 500 072,3e:a5:5f:8c:a4:75,88.231.101.115,RO35ZOZP6525195305114015,2024-10-10 03:59:53,22056,812,177,1367875
Flaviu Oprea,flaviuoprea,flaviuoprea@gmail.com,3341203265903,1997-09-04,"Drumul Eftimie Nr. 308, Insuratei, 553987",0234 097 368,53:4e:8b:80:8c:bc,216.18.139.144,RO50MEXE9113473416436307,2025-01-16 20:13:11,19887,661,96,837378
Bogdana Stan,bogdanastan,bogdanastan@email.ro,6871031179773,1956-06-19,"Drumul Codruț Diaconu Nr. 11, Domnesti, 583716",0255 982 858,c1:dc:77:5d:5a:3d,113.66.248.196,RO81DLUW9454699106031511,2024-10-28 05:52:15,9190,839,272,1498406
Lascăr Marin,lascărmarin,lascărmarin@acasa.ro,7510529210118,1917-08-21,"Drumul Panait Nistor Nr. 71, Tulcea, 527420",0788 854 020,2f:9b:8b:f9:10:54,16.57.79.169,RO77LMFS8844326717931899,2024-12-02 11:10:32,25683,746,756,1486762
Giorgiana Dobre,giorgianadobre,giorgianadobre@zzup.ro,3060527099857,1935-11-11,"Drumul Albu Nr. 72 Bl. 17  Sc. 34 Ap. 744, Bragadiru, 297031",0727 108 187,44:91:c4:da:cb:45,155.0.112.157,RO08LVNK3762535722313790,2024-07-17 18:18:27,3604,506,365,1327268
Florina Stoica,florinastoica,florinastoica@141.ro,3830929159541,1953-09-01,"Soseaua Mazilescu Nr. 22 Bl. 72  Sc. 97 Ap. 450, Balan, 389238",0261 760 100,48:df:93:bc:9b:54,211.140.129.219,RO43KJXY0265235060694774,2025-01-29 23:49:03,19310,233,219,221424
Rareș Ababei,rareșababei,rareșababei@kappa.ro,7781003299361,1935-02-03,"Soseaua Tomescu Nr. 38 Bl. 31  Sc. 58 Ap. 282, Turnu Magurele, 835049",0249 078 290,3e:fe:ef:b4:e6:be,3.25.86.239,RO68OJHP5171080716797170,2024-12-14 13:06:42,6528,663,691,141759
Marina Oprea,marinaoprea,marinaoprea@kappa.ro,8610212262575,1951-01-20,"Soseaua Basarab Pușcașu, Roman, 715705",0269 918 222,91:34:e1:38:28:cf,24.144.34.31,RO33ZUCQ7099801186585838,2024-10-15 20:54:03,6224,387,412,234509
Varvara Toma,varvaratoma,varvaratoma@email.ro,3361115260924,1948-01-25,"Aleea Maricica Niță Nr. 213 Bl. 80  Sc. 78 Ap. 526, Sebes, 988151",0725 249 316,d6:90:7e:de:9f:f5,153.42.51.58,RO66FZZJ6279684103400998,2024-07-08 18:47:55,23554,779,514,1633091
Mina Tudor,minatudor,minatudor@post.ro,6360718414646,1929-02-03,"Drumul Sabina Dumitrescu, Slobozia, 869785",0249 056 025,01:32:2a:06:f0:a0,205.48.106.33,RO44OVJU7899832594613023,2025-05-05 10:14:25,27686,859,708,1361125
Savina Dobre,savinadobre,savinadobre@email.ro,6870417519013,2010-05-29,"Bulevardul Vincențiu Dochioiu, Arbore, 893257",0788 150 576,7f:f2:9d:15:06:05,64.205.114.243,RO91NXZH4139993382161428,2024-08-12 12:47:48,1187,211,165,748758
Varvara Nemeș,varvaranemeș,varvaranemeș@gmail.com,1030714081201,2025-04-04,"Soseaua Ene Nr. 662 Bl. 92  Sc. 11 Ap. 926, Sebes, 946689",0256 683 688,21:80:ae:14:eb:be,187.89.39.38,RO50CZLB9932944506728509,2024-09-08 03:36:12,24029,261,254,926763
Nicușor Gheorghiu,nicușorgheorghiu,nicușorgheorghiu@acasa.ro,7721026155168,1967-12-15,"Drumul Aura Popa, Giroc, 377852",0767 499 643,a5:52:6c:1d:cb:ae,65.248.153.150,RO54CMVG3921648981023868,2024-07-18 13:04:59,6198,603,618,1038444
Paulica Stan,paulicastan,paulicastan@zzup.ro,5440906320910,1975-01-17,"Drumul Timotei Popa Nr. 159, Petrila, 807475",0248 431 889,ed:23:53:87:d8:e1,83.133.226.92,RO77LPXA0200305453940750,2024-05-15 21:37:48,8932,799,18,834937
Sever Stan,severstan,severstan@post.ro,4971213436371,1918-08-04,"Drumul Raluca Preda Nr. 72 Bl. 77  Sc. 43 Ap. 898, Motatei, 315248",0724 017 790,3e:76:6d:8c:38:8b,177.56.143.195,RO03KENZ0086597064002096,2024-12-07 17:08:27,31119,544,629,1404861
Nicoară Nistor,nicoarănistor,nicoarănistor@email.ro,2020825185171,1960-08-28,"Intrarea Leontina Dochioiu, Oituz, 494500",0239 665 420,df:09:53:9f:9d:59,35.33.36.197,RO18XZWP8633565344848984,2025-04-14 21:53:55,25782,907,77,1237512
Iurie Oprea,iurieoprea,iurieoprea@141.ro,6650809376851,2009-05-25,"Intrarea Marilena Tomescu Nr. 976 Bl. 36  Sc. 64 Ap. 977, Tarnaveni, 140440",0244 560 759,b2:ac:63:20:9f:5a,137.109.163.109,RO04OULK2444418611641441,2025-03-19 19:37:22,30467,797,160,1810823
Daria Dinu,dariadinu,dariadinu@kappa.ro,8130202258949,1976-02-18,"Drumul Matilda Nistor, Saveni, 850941",0237 047 541,04:a8:96:c9:60:30,207.146.231.163,RO50TBCM5111828048949679,2025-02-12 04:14:56,6,75,726,653605
Aurelian Barbu,aurelianbarbu,aurelianbarbu@zzup.ro,5180316214083,1939-09-02,"Aleea Stoica Nr. 847 Bl. 69  Sc. 57 Ap. 638, Lipova, 465259",0255 802 106,2c:c3:a3:13:5e:37,10.143.43.134,RO51DZLW7093892218879531,2025-01-02 12:43:28,14500,0,646,1094394
Niculiță Tudor,niculițătudor,niculițătudor@post.ro,3100226383194,1950-06-02,"Aleea Suciu Nr. 62, Dragalina, 148878",0231 530 682,29:79:8f:df:81:ce,134.83.243.53,RO25KAVA0904171553548509,2025-04-21 14:36:00,19087,282,460,301751
Evanghelina Marin,evanghelinamarin,evanghelinamarin@email.ro,6860926159009,1979-01-11,"Strada Stănescu Nr. 928 Bl. 88  Sc. 39 Ap. 770, Campina, 579324",0784 669 892,39:28:d5:ee:cd:bc,173.73.51.116,RO59YCPO0595556939456167,2024-08-07 13:09:29,16700,713,258,228345
Ilarie Dochioiu,ilariedochioiu,ilariedochioiu@email.ro,1480325168642,1972-05-20,"Drumul Nicoleta Stoica, Botosani, 277639",0740 148 996,25:01:c8:78:5b:44,212.96.116.17,RO65TTYI1769740299519746,2024-11-16 22:53:55,25579,703,297,1327893
Marcela Eftimie,marcelaeftimie,marcelaeftimie@kappa.ro,7440415371968,1996-08-05,"Strada Toma, Balotesti, 310391",0245 186 816,9b:d3:6d:c4:40:93,179.155.111.154,RO49NGTE7674514915476036,2024-06-09 19:56:04,15570,683,632,1347782
Leontina Dima,leontinadima,leontinadima@kappa.ro,6910308522203,1918-04-05,"Aleea Stan Ababei, Insuratei, 184973",0265 571 632,34:dc:b6:f3:af:f0,178.108.217.7,RO38CQIP9522253319637853,2025-01-28 08:13:02,14582,663,11,1000020
Zaraza Ababei,zarazaababei,zarazaababei@141.ro,8380121447015,1973-04-18,"Soseaua Dan Ioniță Nr. 392, Lugoj, 407777",0768 980 759,80:89:61:23:85:5a,71.206.176.146,RO67LURL3800332986665277,2024-12-26 14:22:22,11054,462,199,1090751
Lelia Stan,leliastan,leliastan@acasa.ro,3720206325710,2007-04-17,"Drumul Janeta Pop, Glina, 983029",0235 624 731,68:92:87:2d:d4:2c,6.218.236.98,RO36MQWF2150345455959431,2024-08-19 03:11:14,242,160,113,750280
Octav Popa,octavpopa,octavpopa@email.ro,5110718134131,2014-09-17,"Drumul Stoica Nr. 782 Bl. 70  Sc. 70 Ap. 570, Tarnaveni, 693243",0767 025 362,f7:69:87:e0:23:80,215.54.25.224,RO47LPRV8433905373898244,2025-04-18 01:31:25,33525,903,768,1354419
Vanesa Popescu,vanesapopescu,vanesapopescu@kappa.ro,6820429197239,2003-04-08,"Strada Anda Marin Nr. 82 Bl. 45  Sc. 71 Ap. 116, Filiasi, 213953",0259 910 216,6f:a7:4f:1e:3b:d5,182.147.230.122,RO03PLXX4365599339636440,2025-01-07 02:04:54,1361,252,211,62261
Cantemir Niță,cantemirniță,cantemirniță@gmail.com,4560524069244,1961-03-29,"Bulevardul Cristea, Sangeorgiu de Mures, 425815",0750 276 625,73:57:ad:a4:db:65,1.44.98.130,RO05XQHS2969063152926974,2024-10-03 00:28:38,9899,649,639,995025
Rafila Diaconescu,rafiladiaconescu,rafiladiaconescu@kappa.ro,2940729138962,1956-09-22,"Intrarea Georgescu Nr. 33, Satu Mare, 538104",0240 954 449,d8:8f:23:1b:c3:7f,176.128.217.24,RO75BLUK7578790037478644,2025-01-23 01:20:59,20171,833,788,1498297
Octav Pușcașu,octavpușcașu,octavpușcașu@gmail.com,1750615012229,1990-11-16,"Soseaua Barbu, Darabani, 396765",0785 951 275,4c:56:e9:71:8a:dc,195.149.205.5,RO55CBCW3069267822925607,2024-09-01 10:34:29,8760,845,613,771148
Silvana Marin,silvanamarin,silvanamarin@acasa.ro,2881218134448,2007-05-21,"Soseaua Ioniță Nr. 476 Bl. 89  Sc. 27 Ap. 732, Focsani, 236281",0269 616 588,73:01:49:9e:1d:24,148.111.63.254,RO42CDYX7228024761139463,2024-12-18 21:55:50,21466,300,168,255220
Vasilică Gheorghiu,vasilicăgheorghiu,vasilicăgheorghiu@zzup.ro,2961112226473,1926-12-21,"Bulevardul Stancu Nr. 833, Otelu Rosu, 102716",0786 713 390,92:fe:ca:64:a9:88,42.182.34.72,RO12KWYS4043142552831167,2024-08-29 18:43:49,21369,217,753,922257
Miron Oprea,mironoprea,mironoprea@141.ro,2720810246463,2009-08-03,"Aleea Ioniță Nr. 448 Bl. 15  Sc. 47 Ap. 458, Ocna Mures, 496620",0737 861 732,75:82:03:62:07:72,122.42.132.75,RO24WBYN2858123243375963,2025-02-03 07:32:42,24029,588,27,1490989
Codrin Stan,codrinstan,codrinstan@kappa.ro,5720904440669,1937-03-31,"Aleea Ene Nr. 819, Maieru, 373438",0248 215 227,ee:fc:0d:39:45:7e,150.125.232.232,RO50LKQE7133760746561469,2024-11-06 07:51:49,32134,481,131,355083
Timotei Diaconescu,timoteidiaconescu,timoteidiaconescu@acasa.ro,3870320213235,2002-04-16,"Aleea Dima Nr. 57, Sacueni, 141388",0763 841 241,6b:0d:39:b6:51:f1,33.7.250.252,RO18PRPX7181254443561893,2024-08-26 13:30:23,25197,208,644,1655724
Gabriela Popa,gabrielapopa,gabrielapopa@141.ro,1421002160455,2000-07-02,"Aleea Barbu Nr. 13, Corund, 409294",0268 743 886,f6:f9:55:f0:e1:b6,57.158.126.125,RO17NPIC9318031245762080,2024-12-01 11:57:20,23182,219,559,1887843
Avram Preda,avrampreda,avrampreda@gmail.com,4310206054432,1990-07-18,"Drumul Barbu Nr. 905, Titu, 600287",0711 651 509,50:4e:d2:54:66:27,91.79.118.98,RO75TOLK2131711023245522,2024-11-07 14:39:24,22340,403,513,134609
Carmina Oprea,carminaoprea,carminaoprea@gmail.com,7781231276871,2019-03-23,"Soseaua Dochioiu Nr. 99, Fagaras, 529984",0247 718 112,b2:68:4a:32:16:05,172.250.229.53,RO46ADKK6769284198499828,2024-06-09 21:33:42,33537,847,25,1747825
Giorgiana Niță,giorgiananiță,giorgiananiță@gmail.com,5570118139838,2018-09-05,"Soseaua Stancu Nr. 19 Bl. 38  Sc. 41 Ap. 692, Popesti-Leordeni, 114205",0722 888 704,1e:56:af:11:ee:c9,184.229.73.229,RO98GJHL5315337278821193,2024-11-13 04:43:58,20202,398,779,1523662
Georgia Popa,georgiapopa,georgiapopa@post.ro,3860201110091,2013-06-21,"Drumul Nistor Nr. 965, Paunesti, 950838",0252 786 919,a8:fe:49:84:18:4c,154.47.76.237,RO31OUSQ6706794480560785,2024-07-24 23:37:57,7983,794,355,1005913
Silvian Aanei,silvianaanei,silvianaanei@post.ro,5611007514961,2004-09-28,"Intrarea Georgescu, Vatra Dornei, 597093",0772 926 399,83:90:48:04:9a:d0,168.139.152.72,RO53UQUX5532559395290859,2024-07-14 17:20:05,8343,696,337,676074
Teodor Stoica,teodorstoica,teodorstoica@acasa.ro,1201211165869,1944-06-28,"Aleea Dumitrescu Nr. 619 Bl. 55  Sc. 62 Ap. 868, Sangeorz-Bai, 796933",0770 164 623,79:0c:ac:32:20:13,163.8.33.229,RO76AOFV4780115648973862,2025-02-25 11:46:00,27390,41,388,518999
Carmen Tudor,carmentudor,carmentudor@141.ro,5980724237337,1941-01-02,"Intrarea Popa Nr. 67, Caracal, 106651",0732 933 165,ec:e2:66:27:c3:e8,83.110.110.126,RO02RQPS9490604702013399,2024-08-23 07:59:42,24015,990,39,1647115
Valentina Toma,valentinatoma,valentinatoma@post.ro,8130509417701,1914-11-29,"Drumul Dumitrescu, Targoviste, 934649",0266 742 317,d7:fa:41:a0:dc:bd,150.180.246.72,RO14SYGD2779700020126773,2024-06-04 09:41:39,1027,73,643,1899029
Lili Oprea,lilioprea,lilioprea@post.ro,3850526218241,1949-04-21,"Drumul Miron Nistor Nr. 996 Bl. 63  Sc. 33 Ap. 328, 1 Decembrie, 204020",0264 493 058,6c:43:f9:92:97:07,72.207.117.178,RO64NBVU8910635129464316,2024-08-01 11:49:38,31312,710,539,244051
Eugenia Nemeș,eugenianemeș,eugenianemeș@acasa.ro,5030414276171,2004-11-17,"Bulevardul Dinu, Lupeni, 779327",0725 840 706,b7:69:7a:47:09:0f,78.112.38.57,RO38FLRA7448265233191180,2025-04-02 08:39:59,18018,89,368,1920645
Laurențiu Dochioiu,laurențiudochioiu,laurențiudochioiu@acasa.ro,4060829209015,2016-04-03,"Strada Georgian Suciu, Pecica, 752251",0785 765 829,e5:48:af:ff:66:02,126.161.106.119,RO51JPBO2813554538244652,2025-02-05 20:22:05,29108,78,109,1853078
Paulica Dumitrescu,paulicadumitrescu,paulicadumitrescu@141.ro,6101203412951,1976-07-06,"Bulevardul Pop Nr. 59 Bl. 86  Sc. 92 Ap. 555, Caransebes, 117132",021 281 4430,16:fa:c8:49:88:f0,33.221.111.187,RO02NYST5938943017938235,2024-09-21 08:02:10,5559,255,466,1436564
Aida Mocanu,aidamocanu,aidamocanu@141.ro,8940824236964,1993-06-13,"Drumul Stela Suciu, Dumbraveni, 903750",0249 732 628,27:c0:2d:3e:bf:2c,206.129.213.106,RO09RKZG2955133879358534,2024-06-20 23:36:58,28847,737,637,949920
Norbert Ardelean,norbertardelean,norbertardelean@zzup.ro,8801130145974,1960-07-23,"Intrarea Mocanu Nr. 66, Lunca Cetatuii, 842289",0260 826 537,e2:77:d6:d8:fc:1f,125.69.191.43,RO06CYHS6843980677497821,2024-05-17 06:09:47,7247,14,330,356411
Ada Ionescu,adaionescu,adaionescu@email.ro,4510917367750,1927-06-05,"Bulevardul Eduard Voinea Nr. 852, Viseu de Sus, 529890",0247 743 890,93:80:74:11:ed:5f,57.39.245.5,RO75ULLY2872668224220517,2025-03-27 06:30:31,3998,161,478,1540615
Teona Stan,teonastan,teonastan@gmail.com,5580329279413,1938-01-28,"Soseaua Barbu Nr. 135 Bl. 84  Sc. 17 Ap. 392, Rasnov, 837022",0261 962 046,83:b6:e3:f7:93:c9,117.102.142.8,RO52TQKZ8669796245858795,2024-08-30 15:20:05,6533,448,638,1044019
Betina Florea,betinaflorea,betinaflorea@141.ro,2080805290824,2002-02-15,"Soseaua Aanei Nr. 766 Bl. 75  Sc. 39 Ap. 671, Sibiu, 373926",0267 751 718,38:f9:5d:a1:64:c6,134.214.8.9,RO15RXHE0910360614841809,2024-10-29 10:25:32,29343,224,161,1033613
Ilarion Ardelean,ilarionardelean,ilarionardelean@zzup.ro,3440220410999,1928-06-17,"Intrarea Stoica Nr. 536, Giroc, 486536",0248 104 154,94:f2:62:de:4a:ed,198.126.67.101,RO50VIFN8706780120346777,2024-08-15 07:57:48,2305,546,207,62229
Ica Diaconescu,icadiaconescu,icadiaconescu@zzup.ro,4201130213265,1995-05-18,"Intrarea Ene, Segarcea, 372321",0259 877 132,14:56:ca:a0:04:47,116.222.87.61,RO61BYHJ7729454267413683,2024-07-07 02:11:04,30215,947,97,309866
Ioan Ababei,ioanababei,ioanababei@post.ro,4420808374125,2011-08-04,"Bulevardul Georgescu, Iernut, 201903",0728 348 395,f1:25:68:b9:cb:a9,32.73.156.113,RO79COVO7836240298743009,2025-03-27 15:49:10,433,324,132,1411785
Edmond Diaconescu,edmonddiaconescu,edmonddiaconescu@gmail.com,2040111155789,1959-06-17,"Aleea Stancu Nr. 422 Bl. 21  Sc. 98 Ap. 609, Targu Secuiesc, 649878",0246 749 059,06:a0:aa:e5:ac:45,101.182.64.21,RO89FHSH3556729772708740,2025-03-22 10:41:42,16694,120,491,1630058
Despina Dinu,despinadinu,despinadinu@zzup.ro,5690901394994,1998-12-24,"Intrarea Dorinel Niță Nr. 281 Bl. 34  Sc. 44 Ap. 286, Sebis, 185250",0732 514 621,11:7f:4d:f8:16:15,70.241.117.240,RO52FVTQ8529749568305223,2024-09-19 15:44:03,2923,569,373,1656391
Romeo Ionescu,romeoionescu,romeoionescu@acasa.ro,3280424301719,2014-03-06,"Intrarea Ileana Albu Nr. 602 Bl. 34  Sc. 26 Ap. 659, Pitesti, 784578",0232 726 348,1d:1a:08:b8:c6:83,70.97.165.26,RO63EWVD8472993923796623,2024-05-24 12:05:31,20440,710,706,703914
Fabia Popescu,fabiapopescu,fabiapopescu@gmail.com,2570807039026,1983-08-24,"Soseaua Horațiu Tabacu, Valea Mare (Babeni), 992413",0763 531 099,c0:7b:cb:2b:5a:16,10.157.83.198,RO81MKYW5431675809689676,2024-07-21 20:03:05,26974,468,593,1229128
Renata Aanei,renataaanei,renataaanei@gmail.com,5000311371136,1973-08-12,"Aleea Ioniță Nr. 786, Zimnicea, 217575",0264 060 606,a7:23:03:46:76:b0,47.157.245.97,RO14BSXW1340446125536279,2025-02-19 23:11:53,3752,280,641,980353
Constantin Barbu,constantinbarbu,constantinbarbu@gmail.com,7411223070013,2024-05-02,"Aleea Cosmin Dima Nr. 30, Deva, 291779",0769 748 715,fb:27:a9:50:1b:2a,155.87.185.100,RO52VHDV1724364694470463,2024-11-01 00:19:24,15855,972,112,975623
Florica Toma,floricatoma,floricatoma@post.ro,5901125163001,1942-03-07,"Bulevardul Cătălin Mocanu Nr. 893 Bl. 23  Sc. 35 Ap. 448, Marghita, 118385",0258 061 731,ef:ba:17:1e:1f:bf,130.13.255.9,RO82SXPD3102010497872457,2024-06-18 17:11:30,13437,109,537,252845
Ozana Eftimie,ozanaeftimie,ozanaeftimie@acasa.ro,4030826452402,1926-11-01,"Strada Elena Toma Nr. 815, Medias, 686985",0780 627 769,22:d9:cb:7d:25:e4,129.218.21.102,RO79ESNU2416102481707723,2025-04-14 13:50:07,14548,394,395,1090168
Petrică Popescu,petricăpopescu,petricăpopescu@acasa.ro,5380306148941,1930-09-14,"Drumul Ardelean, Ovidiu, 558638",0728 561 212,a0:56:02:9f:95:de,51.38.243.196,RO27MVRM3635856032528769,2025-04-02 10:51:22,15285,616,34,174996
Octaviu Marin,octaviumarin,octaviumarin@zzup.ro,6460909338898,2016-05-12,"Strada Georgescu Nr. 58, Curtea de Arges, 534938",0785 167 131,1d:c0:40:c3:13:d0,198.74.227.23,RO28CAIA1337787239007610,2025-04-22 09:28:24,11589,582,132,1532597
Daciana Diaconu,dacianadiaconu,dacianadiaconu@gmail.com,5100706369351,1974-07-16,"Drumul Felicia Pușcașu Nr. 79, Ramnicu Sarat, 855021",0755 373 660,ef:03:6e:4e:d2:fa,49.54.123.170,RO26GKII4450708051339261,2024-11-25 12:03:28,22626,356,416,1284341
Maximilian Popescu,maximilianpopescu,maximilianpopescu@acasa.ro,4920122110361,1930-10-23,"Aleea Ionică Marin Nr. 21 Bl. 79  Sc. 78 Ap. 126, Oltenita, 907320",0733 376 134,bd:ee:14:47:9f:fd,199.251.97.30,RO84REZE3096630508702036,2024-08-16 07:53:35,26614,281,23,1927225
Stancu Nistor,stancunistor,stancunistor@post.ro,7840417068151,1995-10-27,"Soseaua Tomescu Nr. 74 Bl. 94  Sc. 17 Ap. 120, Ramnicu Valcea, 456286",0269 984 355,da:68:f8:cc:ce:7d,207.205.73.64,RO65TROF3376784002802355,2024-08-13 06:47:37,17851,298,662,1209724
Oana Niță,oananiță,oananiță@acasa.ro,5600808232994,1922-11-16,"Drumul Gheorghiu, Bistrita, 389686",0729 984 640,70:a2:17:86:d1:f2,184.136.226.6,RO31VRRO6411213492689021,2025-04-17 02:51:42,1691,878,155,1006808
Aurelia Popa,aureliapopa,aureliapopa@zzup.ro,5320519050691,1972-05-23,"Drumul Diaconescu Nr. 682, Diosig, 103614",0266 098 018,e3:25:06:bd:44:41,52.210.6.197,RO89ODJL0718416474575844,2025-02-27 18:52:50,17430,796,47,1067678
Aurel Tabacu,aureltabacu,aureltabacu@email.ro,8421210346872,1925-05-14,"Drumul Marin Nr. 66 Bl. 50  Sc. 24 Ap. 315, Pantelimon, 490538",0266 242 958,d7:6d:fd:60:5b:26,162.21.187.148,RO70RKBW1571367792543520,2025-02-21 03:49:55,11641,843,496,1518522
Maria Ardelean,mariaardelean,mariaardelean@acasa.ro,7301219021138,1957-12-03,"Aleea Suciu Nr. 355, Rosiori de Vede, 868274",0757 828 911,0d:85:00:b3:58:1a,26.130.117.189,RO56OAYB5812121626616810,2024-10-07 03:04:41,12804,358,403,435775
Vlad Florea,vladflorea,vladflorea@gmail.com,3110915380602,1987-05-14,"Bulevardul Voinea Nr. 339 Bl. 67  Sc. 51 Ap. 770, Siria, 128339",0752 476 792,e4:34:2e:d6:c5:fa,136.165.170.245,RO84FXBS4696055137715125,2024-06-01 14:54:31,14871,959,405,73097
Robert Marin,robertmarin,robertmarin@gmail.com,6890114524342,1983-07-25,"Bulevardul Dana Preda, Targoviste, 897911",0246 243 213,33:b0:d3:0a:c2:7d,82.180.177.42,RO60OBZI8947697660667325,2025-01-11 13:47:20,10221,694,766,1209807
Maximilian Stancu,maximilianstancu,maximilianstancu@zzup.ro,1660531271252,2011-05-16,"Drumul Eftimie Nr. 450 Bl. 25  Sc. 53 Ap. 842, Resita, 685600",0265 927 778,1c:9a:53:56:46:20,2.146.45.207,RO65QEOJ7563722291972691,2024-12-09 11:07:26,34114,443,171,1240001
Zenovia Stancu,zenoviastancu,zenoviastancu@zzup.ro,5040807251171,1938-10-04,"Intrarea Diaconescu Nr. 36, Baia Mare, 790688",0752 888 828,84:d8:8b:2e:4f:63,200.63.161.238,RO61VLIU2457121951253491,2024-11-03 02:28:29,16778,497,673,891241
Decebal Stănescu,decebalstănescu,decebalstănescu@kappa.ro,6270925112418,2022-11-02,"Strada Nicodim Mazilescu, Cugir, 739207",0259 905 176,fa:12:63:e9:0b:cb,201.125.113.122,RO10BBXQ0511273685770093,2024-08-06 07:18:06,17842,883,783,1399556
Gică Stoica,gicăstoica,gicăstoica@141.ro,5580925079263,2008-12-04,"Soseaua Nistor Nr. 963, Peretu, 624263",0737 501 549,04:04:ac:be:bb:54,74.245.28.40,RO74ZPLQ7371124897656656,2024-07-17 20:43:21,29526,168,536,379998
Alexandrina Mazilescu,alexandrinamazilescu,alexandrinamazilescu@email.ro,3701104459170,1928-12-09,"Soseaua Ardelean Nr. 46, Miercurea-Ciuc, 537100",0267 949 068,f8:b3:83:ea:2e:99,115.131.249.36,RO06HDOP7284954325485578,2024-09-14 19:02:43,23020,302,653,72156
Paulina Eftimie,paulinaeftimie,paulinaeftimie@gmail.com,7691010110310,1977-11-21,"Soseaua Anișoara Ioniță Nr. 29, Jilava, 991945",0242 020 439,6c:df:80:fb:f3:df,35.248.167.191,RO69JMBV8535987826410815,2024-05-07 20:48:33,15079,555,723,1986479
Emanuil Dochioiu,emanuildochioiu,emanuildochioiu@141.ro,2010213143408,1979-07-16,"Strada Ardelean Nr. 777, Drobeta-Turnu Severin, 126035",0757 265 062,b0:80:83:ac:9c:4e,183.216.26.251,RO73RZCZ7917079138488247,2025-02-09 02:28:33,23840,51,133,1947436
Cantemir Stan,cantemirstan,cantemirstan@post.ro,3250313238472,1994-01-05,"Bulevardul Dalia Albu Nr. 89 Bl. 80  Sc. 10 Ap. 808, Blaj, 612033",0784 512 998,93:c0:c9:06:a9:e0,109.158.144.85,RO80MUWX7860691603788764,2024-05-27 04:39:11,30003,794,37,1104496
Marcheta Eftimie,marchetaeftimie,marchetaeftimie@gmail.com,5070108254461,2007-03-22,"Soseaua Niță, Iasi, 554277",0235 131 722,10:93:76:ce:a3:cd,222.101.180.186,RO13GHNB7705074853132914,2024-12-22 17:15:57,340,998,485,598781
Noemi Dinu,noemidinu,noemidinu@kappa.ro,1060730123497,1940-04-09,"Aleea Ene, Carei, 244793",0725 729 522,20:60:d1:f7:ff:81,17.13.78.91,RO04PWSX1360706302871557,2025-01-30 14:26:29,8773,564,277,235408
Martin Nistor,martinnistor,martinnistor@post.ro,4350119128873,1992-07-02,"Bulevardul Stănescu Nr. 247, Tudora, 589251",0746 469 139,d1:b3:2b:ef:b5:2f,190.66.215.200,RO21RVMO8554135513832321,2025-02-04 04:00:17,19247,152,675,1259745
Amanda Dobre,amandadobre,amandadobre@kappa.ro,5591228195541,1997-07-06,"Strada Cristea Nr. 264, Husi, 540164",0242 912 939,e6:b9:a1:6a:ce:19,138.62.98.16,RO76JBFQ5240714891314160,2025-01-13 21:02:26,18754,965,579,797923
Petruța Ene,petruțaene,petruțaene@141.ro,8601002196481,2002-08-18,"Aleea Celia Dobre Nr. 79 Bl. 82  Sc. 20 Ap. 119, Zalau, 777562",0732 761 061,bb:3f:24:8a:93:da,121.235.218.86,RO11UTRY8883901340310139,2024-10-24 14:46:32,7372,505,561,1077486
Inocențiu Pușcașu,inocențiupușcașu,inocențiupușcașu@gmail.com,8700327517451,2016-07-21,"Intrarea Suciu, Negresti, 481270",0763 560 959,9e:e0:6c:99:a6:1a,163.224.58.195,RO67ECSV2426100086223163,2024-12-16 14:17:43,6032,994,280,287396
Constantina Eftimie,constantinaeftimie,constantinaeftimie@141.ro,7451003346045,1988-08-22,"Drumul Agata Stoica Nr. 325 Bl. 84  Sc. 74 Ap. 170, Bailesti, 570225",0231 814 816,cf:9d:f9:02:02:49,212.136.177.155,RO94GOPW4436068427595621,2024-10-13 02:13:40,29592,312,692,448521
Romulus Dochioiu,romulusdochioiu,romulusdochioiu@email.ro,2300117174995,1915-08-05,"Bulevardul Alistar Diaconu, Moinesti, 749794",0722 798 874,c7:29:3c:ef:95:e5,167.229.152.5,RO11HDGK2805369049441952,2025-01-03 04:28:46,15028,284,796,1280123
Marcel Ionescu,marcelionescu,marcelionescu@gmail.com,5200901070746,2006-10-15,"Soseaua Tudor Nr. 487 Bl. 70  Sc. 23 Ap. 448, Remetea, 473353",0251 658 370,79:d2:d0:e4:52:42,77.145.183.116,RO77MRSK9812081010933535,2024-08-30 07:42:17,34151,976,606,1352345
Betina Nistor,betinanistor,betinanistor@post.ro,4650121458919,2009-02-16,"Drumul Florea, Moldova Veche, 184779",0733 298 851,87:0c:94:2c:38:18,43.21.209.56,RO53OYWK9207187299254657,2024-07-15 15:10:48,35952,597,89,1967371
Clementina Diaconu,clementinadiaconu,clementinadiaconu@gmail.com,3091227128466,2002-08-11,"Aleea Eftimie Georgescu Nr. 326 Bl. 57  Sc. 38 Ap. 385, Raducaneni, 915775",0744 972 270,4e:a9:fa:25:91:8f,125.168.101.214,RO56UTDO5233224063024739,2024-10-07 10:05:02,207,379,238,734552
Elodia Popescu,elodiapopescu,elodiapopescu@post.ro,5550818464091,1975-03-13,"Strada Nistor, Tasnad, 932635",0738 974 862,e6:20:17:2e:b5:07,164.255.191.72,RO22GPKU7961741796220896,2025-03-09 15:00:09,12002,766,194,1025131
Dumitrana Popa,dumitranapopa,dumitranapopa@acasa.ro,3590612451385,1965-06-22,"Strada Eftimie Nr. 60 Bl. 65  Sc. 14 Ap. 468, Cernavoda, 889728",0761 959 692,60:1c:dc:ad:46:9f,158.32.5.209,RO30ICVI2765411529154907,2024-10-23 06:35:13,16652,244,646,526728
Georgia Nemeș,georgianemeș,georgianemeș@gmail.com,1130831100612,1932-05-13,"Aleea Florea, Apahida, 858965",0259 504 283,2c:8f:a6:50:b2:62,63.201.236.22,RO54KNOQ5493474375354694,2025-03-30 01:08:55,28576,840,76,310312
Teodora Stănescu,teodorastănescu,teodorastănescu@email.ro,2670511371088,1989-03-16,"Intrarea Arian Manole Nr. 50, Fundeni, 882563",0753 227 152,12:c9:a2:b8:f3:26,191.184.195.29,RO27VMPG3813050174102780,2025-03-25 06:53:21,9939,947,125,1703836
Arsenie Ene,arsenieene,arsenieene@141.ro,3560227161258,2016-11-14,"Soseaua Venera Stancu, Paunesti, 982045",0240 742 986,2a:cd:55:51:93:4e,106.7.86.88,RO20UEFM3849050512561132,2025-03-14 18:16:21,29378,742,547,1370218
Lioara Tudor,lioaratudor,lioaratudor@email.ro,6950625529931,1923-05-07,"Strada Preda, Amara, 321265",0238 387 701,da:cb:36:cf:db:b3,153.115.220.124,RO30TROZ2744995368665551,2024-06-23 23:55:56,1184,747,583,743367
Vlădelina Albu,vlădelinaalbu,vlădelinaalbu@141.ro,8650920151430,1999-11-25,"Bulevardul Popescu, Insuratei, 638233",0731 769 990,fb:7d:cb:71:55:d9,66.197.48.176,RO14QLKE3996914578243885,2024-12-06 09:53:54,12121,494,598,1749312
Iurie Stănescu,iuriestănescu,iuriestănescu@zzup.ro,7011028259121,1973-02-20,"Drumul Stănescu Nr. 87 Bl. 51  Sc. 53 Ap. 485, Sangeorz-Bai, 807061",0264 981 733,ce:c8:c2:85:fa:7c,45.159.168.41,RO94KQHX8842224976311851,2024-09-16 08:57:35,15735,954,29,1094812
Catrina Cristea,catrinacristea,catrinacristea@gmail.com,4340222090738,2000-06-29,"Drumul Voinea, Uricani, 366085",0762 245 040,d0:5d:a6:68:34:1b,30.178.197.254,RO29XKEO6163911003240526,2024-12-31 13:59:33,27626,460,665,325323
Victoria Ababei,victoriaababei,victoriaababei@kappa.ro,3761001433818,1990-07-21,"Soseaua Albu Nr. 414, Valea Mare (Babeni), 232011",0250 584 621,5f:b5:0e:68:71:3b,27.53.218.189,RO59GVAJ1696721235497576,2024-05-27 09:59:07,5246,717,230,1542041
Lăcrămioara Georgescu,lăcrămioarageorgescu,lăcrămioarageorgescu@141.ro,1400115189122,1944-06-10,"Drumul Minodora Albu, Brad, 979084",0763 063 790,73:d9:6e:35:ed:12,172.133.122.90,RO67CVQI2500964711842838,2024-11-20 11:33:27,14889,960,413,857032
Crenguța Tabacu,crenguțatabacu,crenguțatabacu@post.ro,5010311027573,2015-07-19,"Soseaua Ardelean, Marginea, 740113",0754 875 935,e2:30:10:d5:e4:01,212.38.165.98,RO74QGEL0597220169612759,2025-03-23 04:02:05,12707,866,549,1256419
Anaida Popescu,anaidapopescu,anaidapopescu@zzup.ro,2740117180272,1914-10-15,"Bulevardul Suciu Nr. 80, Alexandria, 733528",0771 650 696,70:0d:11:65:64:87,115.205.134.217,RO56ISIT5323695966608701,2024-09-22 06:00:34,35062,191,52,1872874
Raluca Pop,ralucapop,ralucapop@zzup.ro,6850307212281,2021-11-13,"Intrarea Sorin Popescu Nr. 31 Bl. 78  Sc. 59 Ap. 783, Caransebes, 180764",0721 615 432,55:cc:01:8e:71:16,96.233.15.246,RO34GMGI2735075883253528,2025-04-20 02:06:12,277,393,84,1358132
Anastasia Preda,anastasiapreda,anastasiapreda@gmail.com,6411016248297,1910-10-27,"Aleea Octaviu Albu, Draganesti-Olt, 482946",0731 425 628,a7:4c:fd:46:6b:fc,45.90.165.94,RO56AZYQ7829337690283517,2025-01-20 03:41:52,25410,204,554,1895084
Iacob Stancu,iacobstancu,iacobstancu@gmail.com,3870419379966,1944-12-18,"Aleea Ababei Nr. 583 Bl. 14  Sc. 21 Ap. 737, Bragadiru, 631150",0760 648 270,17:6d:03:ba:2b:2e,107.228.174.154,RO56VALK9946976110752841,2024-09-08 21:33:40,5936,729,174,510286
Relu Dumitrescu,reludumitrescu,reludumitrescu@email.ro,8740815291074,1973-01-16,"Strada Florentin Tomescu Nr. 913, Urziceni, 580928",0241 221 536,fe:7a:48:ca:54:2b,210.0.142.92,RO06WMUN8892638673344944,2025-04-21 07:48:54,29473,96,33,692009
Nicolae Preda,nicolaepreda,nicolaepreda@acasa.ro,2571009015320,1988-09-01,"Aleea Arsenie Nemeș, Dragu-Brad, 346516",0768 587 969,c4:91:ef:d0:e1:ab,201.84.186.151,RO53PWWU3533255626357840,2024-11-12 07:55:01,454,337,698,352115
Dragoș Aanei,dragoșaanei,dragoșaanei@gmail.com,5130119520052,1956-11-02,"Drumul Ioniță Nr. 854 Bl. 60  Sc. 89 Ap. 464, Afumati, 237644",0763 311 996,97:94:f0:79:70:fa,10.152.215.4,RO38QTPZ0772761273539531,2025-03-18 08:43:20,7025,570,371,1801209
Ioana Stoica,ioanastoica,ioanastoica@gmail.com,5520330223848,1925-06-03,"Strada Marin Nr. 68 Bl. 15  Sc. 48 Ap. 547, Brasov, 371251",0257 971 855,f3:6b:a6:75:fa:4c,45.112.127.165,RO34QPLO1185721712244883,2025-04-07 00:59:09,27364,18,451,326146
Vlădelina Dumitrescu,vlădelinadumitrescu,vlădelinadumitrescu@email.ro,2290918269843,1968-03-30,"Bulevardul Nistor Nr. 86 Bl. 70  Sc. 39 Ap. 814, Borsa, 552915",0730 162 533,fc:d8:7d:61:d1:98,7.173.77.35,RO92EQOU8919596246583502,2024-06-20 20:22:39,21561,813,282,1595250
Adam Stan,adamstan,adamstan@kappa.ro,5110618168313,1962-04-16,"Strada Lascăr Stănescu Nr. 228 Bl. 84  Sc. 38 Ap. 718, Petrila, 176403",0765 786 606,e6:15:80:fc:36:ac,52.44.73.212,RO26ENRL0163492705245612,2025-02-01 07:18:58,14904,190,464,520916
Achim Georgescu,achimgeorgescu,achimgeorgescu@kappa.ro,3430910438949,1956-12-02,"Bulevardul Laurențiu Preda Nr. 91, Alba Iulia, 943520",0242 662 176,e7:63:09:13:69:ab,194.13.251.68,RO23CTIQ7876556808510494,2024-06-20 05:28:31,7407,167,564,1768737
Dimitrina Popa,dimitrinapopa,dimitrinapopa@zzup.ro,6091007514993,2025-01-06,"Drumul Marin Nr. 525, Jibou, 590135",0728 542 202,41:5f:cb:2c:24:4e,53.245.254.45,RO30HBVR1055064135457935,2024-06-30 14:22:46,24690,867,401,1739862
Ionel Barbu,ionelbarbu,ionelbarbu@acasa.ro,2841020073411,1973-11-24,"Aleea Aida Pușcașu, Cernavoda, 395629",0253 757 513,76:a9:a0:bb:84:49,142.103.83.28,RO43VTWY0123160067753856,2025-01-01 02:40:43,31125,586,271,239408
Vasile Tudor,vasiletudor,vasiletudor@email.ro,8051219048286,1963-11-19,"Aleea Ludmila Ardelean Nr. 550 Bl. 96  Sc. 16 Ap. 251, Darabani, 927469",0771 737 097,ad:eb:27:e6:52:40,81.38.18.97,RO47UBJM7547506803311993,2024-05-26 08:02:21,35517,661,292,510311
Maxim Georgescu,maximgeorgescu,maximgeorgescu@post.ro,7530321372109,1975-07-11,"Strada Vlădelina Ioniță Nr. 66, Tandarei, 113376",0260 043 953,a2:48:a4:38:8c:5d,42.92.173.31,RO21YEMC9961218223755112,2025-03-30 02:32:19,11037,834,455,1323141
Victoria Pop,victoriapop,victoriapop@141.ro,2300511384164,1912-02-03,"Bulevardul Dinu Nr. 37, Moinesti, 834936",0720 297 139,87:e4:02:95:14:01,194.67.89.245,RO86OTOC8199164280571268,2025-04-18 21:36:10,34480,865,42,1127265
Edmond Manole,edmondmanole,edmondmanole@email.ro,1110802149386,1954-05-22,"Soseaua Aurora Aanei Nr. 815, Gherla, 596605",0735 213 481,60:88:b7:c9:ba:18,7.254.252.252,RO31KEYM6019455733694708,2024-08-27 23:44:43,2094,836,461,901061
Arsenie Manole,arseniemanole,arseniemanole@zzup.ro,7350706417185,1924-05-25,"Soseaua Mirona Florea Nr. 211 Bl. 22  Sc. 80 Ap. 362, Draganesti-Olt, 208586",0727 837 787,e6:7a:64:e8:8d:71,93.123.214.120,RO16CTMY0528338291282492,2024-05-24 04:35:31,3582,867,401,1169535
Mădălina Pușcașu,mădălinapușcașu,mădălinapușcașu@gmail.com,8661216199893,1971-06-13,"Strada Aanei, Bolintin-Vale, 519462",0258 701 093,41:bd:c7:ca:39:c1,55.214.14.112,RO50UEKH1163462964432156,2024-12-24 19:39:59,30785,824,719,1261746
Alina Tomescu,alinatomescu,alinatomescu@post.ro,5110706061503,1980-05-02,"Strada Victor Mazilescu Nr. 79 Bl. 63  Sc. 81 Ap. 988, Targu Frumos, 181017",021 814 5005,d0:00:50:68:6e:f0,90.200.224.9,RO16WCRU6620876780655041,2024-05-29 05:17:29,6965,991,31,1094356
Visarion Mazilescu,visarionmazilescu,visarionmazilescu@141.ro,7341106224111,1965-03-30,"Soseaua Florea Nr. 28, Toplita, 772906",0263 681 817,ef:26:22:2d:44:67,139.43.161.214,RO63YZYH3307109785059318,2024-06-24 04:21:25,33424,896,86,732371
Marilena Manole,marilenamanole,marilenamanole@acasa.ro,5130618123645,1913-08-28,"Bulevardul Norman Stan Nr. 219, Pitesti, 407662",0755 425 790,fc:4e:12:94:4a:09,13.103.87.193,RO65FJNM2214425252475590,2025-05-01 18:20:53,12451,180,166,651773
Cecilia Dochioiu,ceciliadochioiu,ceciliadochioiu@kappa.ro,4840314153056,1980-01-15,"Aleea Diaconu, Schela Cladovei, 612915",0738 947 429,23:f2:71:45:05:4b,116.207.0.67,RO88ELKA9058685974868631,2024-05-20 09:44:38,29862,997,464,107308
Rafael Cristea,rafaelcristea,rafaelcristea@email.ro,7850510045023,1962-01-13,"Aleea Voinea Nr. 329 Bl. 73  Sc. 50 Ap. 360, Baciu, 289181",0236 448 207,31:c9:e4:84:16:3a,168.214.35.95,RO95CNHL1120950446580761,2024-12-23 01:20:27,17976,202,16,1324469
Angela Dima,angeladima,angeladima@email.ro,2350115244037,1954-02-21,"Bulevardul Voinea, Targu Frumos, 554838",0231 496 333,a6:b1:4e:30:5e:fa,55.173.35.138,RO83MZFZ6894389822063479,2024-11-07 08:15:42,25721,144,726,1997078
Georgeta Pop,georgetapop,georgetapop@post.ro,3360904441146,2012-12-20,"Soseaua Mazilescu, Fetesti, 813931",0738 889 571,bb:1f:12:42:6f:2d,24.153.115.27,RO78OFML8260718272065869,2024-05-22 13:31:18,27237,308,617,1323204
Timea Preda,timeapreda,timeapreda@141.ro,5020402114662,1924-01-21,"Soseaua Voinea, Sebes, 473390",0788 734 398,f3:bb:69:f1:61:93,117.202.178.90,RO98JBGP9756519316125321,2024-09-08 14:51:32,28400,463,302,610301
Theodor Ababei,theodorababei,theodorababei@kappa.ro,1130705160385,1997-06-10,"Aleea Pompilia Tomescu Nr. 22 Bl. 25  Sc. 55 Ap. 424, Oravita, 455632",0257 066 113,02:53:59:8a:58:82,150.230.173.216,RO26UYMX3185850434710798,2024-12-21 05:10:59,20727,310,649,157021
Dorli Suciu,dorlisuciu,dorlisuciu@zzup.ro,3050530162310,1933-09-16,"Bulevardul Ardelean Nr. 736, Ruscova, 332880",0239 851 172,91:03:38:f4:7d:fe,93.217.201.86,RO79IRMC1915405419387763,2024-10-17 07:24:49,11834,254,241,1963254
Marilena Dima,marilenadima,marilenadima@email.ro,3320602276472,1960-10-01,"Intrarea Ionescu Nr. 24, Glina, 374386",0772 626 167,7f:b3:5c:ab:2f:50,128.20.79.117,RO23GHCA2384293463633478,2024-05-30 20:14:38,8404,840,324,1428129
Aristița Cristea,aristițacristea,aristițacristea@acasa.ro,3890122424131,2023-03-13,"Strada Dima, Dancu, 903752",0254 180 124,0a:a7:4f:22:f1:21,153.120.11.0,RO05BPKX1109639758900654,2025-01-18 00:36:10,26662,401,104,810119
Daniela Aanei,danielaaanei,danielaaanei@141.ro,8191016189517,1924-02-29,"Intrarea Nistor Nr. 831, Victoria, 394302",0785 738 869,a6:cf:0f:35:2e:72,54.86.13.249,RO08TFJU3198530810658260,2024-08-15 20:47:38,7132,887,672,182707
Panagachie Florea,panagachieflorea,panagachieflorea@acasa.ro,3230413114756,1970-11-16,"Soseaua Alexandra Stan, Dorohoi, 383260",0263 241 417,b4:fe:db:6c:05:be,210.78.160.55,RO73TVDL0651495220603507,2024-08-31 01:13:54,7552,86,642,1816285
Agripina Mocanu,agripinamocanu,agripinamocanu@gmail.com,4450304149735,1973-12-04,"Soseaua Octaviana Preda Nr. 470, Mogosoaia, 201395",0721 329 408,8a:3b:0c:a9:78:ba,207.16.171.172,RO78BZRG5910960888185078,2024-08-05 14:47:56,34475,396,654,1647886
Valeria Popa,valeriapopa,valeriapopa@gmail.com,1631007397760,1959-06-05,"Drumul Andreea Dobre Nr. 204 Bl. 57  Sc. 93 Ap. 351, Plosca, 335115",0258 299 170,32:d2:9a:67:7a:46,30.140.152.104,RO51CWYJ0368412644382315,2025-02-02 16:24:24,11846,209,433,1412967
Steliana Dobre,stelianadobre,stelianadobre@gmail.com,4290106522582,2008-03-29,"Aleea Manole Nr. 16, Dej, 312211",0757 532 281,b2:8b:b3:8f:03:dc,2.243.144.63,RO15BPBB0582778488745313,2024-10-28 05:07:57,7839,610,1,1807593
Horațiu Stancu,horațiustancu,horațiustancu@gmail.com,3380706011521,1981-01-02,"Strada Costin Tomescu, Tasnad, 251126",0241 571 724,61:3b:ea:2c:d2:81,63.197.203.10,RO52NZCX2583689605700569,2025-03-12 17:37:25,3381,251,68,197650
Narcis Popescu,narcispopescu,narcispopescu@zzup.ro,1730427368673,2002-06-29,"Strada Benone Dima, Lugoj, 738814",0266 829 948,cf:72:ad:62:6f:ac,198.60.20.84,RO33WSDP0349596359395920,2025-03-24 00:38:05,28485,45,731,1099767
Eleonora Nistor,eleonoranistor,eleonoranistor@zzup.ro,8780405251061,1969-02-25,"Intrarea Eftimie Nr. 85, Sighisoara, 259968",0733 208 009,fd:90:c2:e3:73:5c,144.25.92.91,RO34GHPR2578525383044602,2024-10-04 06:52:33,34693,895,468,672706
Viviana Pușcașu,vivianapușcașu,vivianapușcașu@141.ro,6561216233893,1982-12-31,"Aleea Tudor Nr. 920, Giarmata, 254674",0723 786 695,dd:a7:13:a8:83:4d,176.208.23.233,RO71OKQQ0091139619816441,2025-02-01 04:52:32,35274,992,670,1508658
Eugen Tudor,eugentudor,eugentudor@141.ro,4030426249084,1979-06-14,"Aleea Albu, Drobeta-Turnu Severin, 904222",0247 660 457,1e:9e:35:56:61:0e,190.93.246.47,RO86TMZY7131755014324134,2025-01-28 14:16:16,12816,434,616,989283
Grigore Popa,grigorepopa,grigorepopa@141.ro,2710608285867,2011-12-02,"Soseaua Ludovic Stănescu Nr. 998 Bl. 11  Sc. 76 Ap. 177, Comanesti, 470661",0239 253 264,ef:e4:b7:42:32:a4,69.129.228.123,RO77GIWD2227508586889004,2024-09-01 09:37:08,11407,730,85,937125
Lică Albu,licăalbu,licăalbu@zzup.ro,6771106150486,1979-05-07,"Aleea Dinu Nr. 130, Dej, 922679",0748 465 444,54:37:d5:31:19:f6,44.96.54.13,RO37ZDTS6427256486405136,2025-04-10 07:53:29,5519,298,403,764278
Georgeta Diaconescu,georgetadiaconescu,georgetadiaconescu@acasa.ro,3291228441408,1975-08-11,"Intrarea Florentina Aanei Nr. 21, Petrila, 549130",0760 401 439,d1:1d:eb:d3:23:21,135.57.9.60,RO55SKUD0088782849605439,2024-06-28 23:56:49,26997,924,708,18008
Codruța Oprea,codruțaoprea,codruțaoprea@zzup.ro,2620409297443,1913-07-09,"Intrarea Miruna Nistor, Ramnicu Sarat, 507570",0268 063 826,fc:51:b1:a4:fa:c1,149.244.230.43,RO83VUUW2872656695608673,2025-01-20 18:34:05,11431,595,342,477988
Maria Toma,mariatoma,mariatoma@post.ro,7411025126723,1955-08-27,"Intrarea Dochioiu, Victoria, 349237",0756 482 926,4e:4f:f2:0a:5d:6f,156.111.123.99,RO33VPOX0269001411665641,2024-10-06 17:19:43,30002,796,198,503638
Daciana Nistor,daciananistor,daciananistor@email.ro,7960927245333,1968-11-14,"Strada Ene, Botosani, 984843",0242 644 520,30:33:01:94:6b:1b,203.103.205.139,RO76ZQHJ2579403779425619,2025-04-17 03:40:14,21242,665,691,1793088
Doru Dinu,dorudinu,dorudinu@email.ro,5720429160412,2000-01-24,"Drumul Natalia Dinu Nr. 97 Bl. 81  Sc. 87 Ap. 913, Homocea, 236511",0762 744 721,ba:9e:df:77:f8:7d,159.151.10.218,RO66NHSC5471978983090780,2025-04-29 05:50:06,23264,128,160,1848016
Crina Pop,crinapop,crinapop@kappa.ro,5410727192264,2015-06-29,"Drumul Toma, Curtici, 837425",0236 425 857,3f:6b:d6:cf:ad:8b,20.130.60.61,RO41SLPU6504364016101401,2025-04-02 07:55:45,34484,471,647,1193038
Eufrosina Dochioiu,eufrosinadochioiu,eufrosinadochioiu@kappa.ro,6780903298626,1970-02-09,"Drumul Gheorghiu Nr. 89 Bl. 27  Sc. 81 Ap. 512, Buzau, 960981",0771 209 941,b4:84:15:e2:75:28,95.119.75.225,RO49AWQE1325396465698201,2024-09-10 13:38:02,12153,58,500,424176
Irinel Florea,irinelflorea,irinelflorea@zzup.ro,8210627434291,1981-05-03,"Aleea Nistor, Dragasani, 801230",0761 759 920,6f:86:bc:4a:ad:3c,56.129.195.223,RO74CSLB3120352019217825,2024-11-16 02:51:09,16861,460,393,1902063
Ioanina Mocanu,ioaninamocanu,ioaninamocanu@gmail.com,7460602171889,2010-01-19,"Aleea Dochioiu Nr. 289 Bl. 50  Sc. 27 Ap. 383, Ramnicu Valcea, 817630",0720 135 183,c3:d0:b5:d6:ba:52,124.44.219.81,RO50KCHN8397203326424445,2024-10-18 14:20:59,16353,483,143,1116851
Dorin Mazilescu,dorinmazilescu,dorinmazilescu@acasa.ro,5830501291483,1961-08-22,"Soseaua Tabacu, Otopeni, 624350",0267 430 386,3b:90:65:15:34:9a,121.235.90.195,RO72UXNN0033180008508054,2025-01-12 09:32:27,23276,500,742,1489393
Viorel Popa,viorelpopa,viorelpopa@email.ro,8380528456997,1974-03-24,"Strada Janeta Georgescu, Jilava, 141401",0761 586 895,f5:ad:aa:56:24:19,84.160.152.83,RO60GVRX3091933224990719,2024-09-04 00:14:13,6530,440,708,1096192
Iolanda Stănescu,iolandastănescu,iolandastănescu@zzup.ro,5480723249157,2016-04-27,"Soseaua Nemeș Nr. 823 Bl. 89  Sc. 66 Ap. 530, Dragalina, 184398",0262 440 398,e1:16:c9:80:31:b1,109.104.163.17,RO05WYTH2472066159857759,2024-10-03 21:24:36,8209,855,356,1186837
Eftimie Ionescu,eftimieionescu,eftimieionescu@kappa.ro,2700924048041,1939-03-24,"Aleea Nistor Nr. 818 Bl. 81  Sc. 97 Ap. 194, Moldova Veche, 849183",0771 937 006,3a:f0:d4:9f:03:a7,73.60.15.70,RO30QPMK0672729839078786,2024-10-16 18:10:03,8082,934,391,819760
Arina Manole,arinamanole,arinamanole@post.ro,4950716196143,1929-09-03,"Drumul Ludovic Nistor Nr. 993 Bl. 50  Sc. 99 Ap. 443, Targu Frumos, 521696",0233 031 821,b8:14:59:ac:b2:b6,162.202.74.41,RO71HCVA5915462044054141,2025-04-09 20:55:46,26353,889,626,560677
Alina Dima,alinadima,alinadima@acasa.ro,8430229407340,1980-08-31,"Aleea Pușcașu, Ineu, 558086",0254 110 497,47:dd:78:8a:be:6a,76.119.208.193,RO88HWOX6592918323906000,2024-11-13 04:59:16,18815,336,744,1430328
Oliviu Stoica,oliviustoica,oliviustoica@post.ro,4010920043004,1973-08-26,"Intrarea Ofelia Florea Nr. 86 Bl. 41  Sc. 59 Ap. 834, Caransebes, 482300",0780 382 434,7c:9e:56:67:bb:04,210.75.25.197,RO87EQJQ4505679477024485,2024-05-08 05:37:46,14307,192,166,470480
Ina Mocanu,inamocanu,inamocanu@zzup.ro,6520726365113,1935-01-17,"Aleea Ioniță Nr. 999, Resita, 799352",0753 758 002,34:91:15:91:aa:c4,171.182.111.244,RO98WPRN5918026630114365,2025-04-13 02:49:15,8640,475,432,451833
Agripina Diaconescu,agripinadiaconescu,agripinadiaconescu@post.ro,2060618146461,1989-09-19,"Strada Dinu Nr. 314, Mihail Kogalniceanu, 701854",0771 952 169,b7:5d:2f:d5:79:33,64.211.31.194,RO54UXSV0871166993958853,2024-12-15 19:18:23,4544,702,235,922338
Ludovica Diaconu,ludovicadiaconu,ludovicadiaconu@141.ro,8380815288560,1955-06-09,"Aleea Varvara Tudor Nr. 970 Bl. 73  Sc. 49 Ap. 511, Remetea, 533151",0770 526 452,bc:da:55:d8:c1:ac,148.205.133.226,RO94PKUG2540800685526776,2024-11-04 11:34:34,9953,77,582,1080181
Mioara Toma,mioaratoma,mioaratoma@email.ro,3820610273727,2006-04-15,"Aleea Decebal Tudor, Insuratei, 764457",0255 334 412,23:c1:c6:77:15:f1,145.214.150.164,RO59VKKI6136797177421986,2024-06-11 21:09:22,9174,410,50,1641570
Diana Mocanu,dianamocanu,dianamocanu@141.ro,5380926406599,1933-06-11,"Strada Cornel Stancu Nr. 88, Turnu Magurele, 815451",0254 946 867,af:28:06:dc:93:ec,131.239.215.19,RO65GYHE7730136786821922,2024-06-06 00:34:56,2771,360,606,1490911
Carmina Oprea,carminaoprea,carminaoprea@141.ro,5900410254851,1960-09-24,"Intrarea Gelu Stancu, Branesti, 463876",0735 915 761,7f:be:b2:37:17:1c,61.56.192.240,RO71SPIV5178013008821429,2025-04-14 10:27:44,32884,422,710,1317974
Costin Voinea,costinvoinea,costinvoinea@kappa.ro,8700415373353,1965-07-03,"Intrarea Florea Nr. 754, Lugoj, 960531",0735 749 177,b8:2e:df:ce:60:b1,9.34.194.109,RO26KBIU0379468795879896,2024-12-06 09:34:47,27090,808,777,1458851
Costache Georgescu,costachegeorgescu,costachegeorgescu@kappa.ro,6751107133416,1937-05-10,"Intrarea Pop, Cumpana, 919720",0753 731 604,6e:52:68:ce:2f:3b,88.84.104.200,RO97IRZA1514649664025467,2024-05-27 02:37:28,13695,225,334,882204
Georgeta Voinea,georgetavoinea,georgetavoinea@zzup.ro,2630501041551,1912-09-27,"Strada Brândușa Dumitrescu, Targu Ocna, 112760",0729 396 247,cc:e3:f4:13:d1:c4,178.121.99.20,RO42MTDZ0967446398866848,2024-07-19 21:01:24,10334,740,567,1089682
Zamfira Toma,zamfiratoma,zamfiratoma@gmail.com,8700712050563,1964-01-09,"Drumul Voinea, Cobadin, 722721",0729 843 842,70:90:78:77:44:ef,43.184.25.96,RO92MAKC9795242255738041,2025-04-02 05:44:21,28744,978,751,1464118
Adelina Tudor,adelinatudor,adelinatudor@141.ro,1370914051567,2024-08-14,"Intrarea Tabacu Nr. 617, Balotesti, 526562",0786 675 446,d9:1f:9c:e6:f8:b5,38.119.81.191,RO64SQID2329124920167634,2025-02-15 22:25:13,5912,969,693,1284184
Mirela Nistor,mirelanistor,mirelanistor@zzup.ro,4081121442918,2021-12-22,"Aleea Ludovica Preda Nr. 366, Ludus, 811232",0721 564 595,28:98:a9:ab:5a:47,38.103.248.189,RO61TQNO4664444884388787,2024-08-31 22:33:02,15483,432,785,1861866
Renata Stancu,renatastancu,renatastancu@zzup.ro,1840819260569,1998-02-15,"Strada Albu Nr. 35, Cristuru Secuiesc, 836353",0726 066 152,5b:b4:3c:38:01:07,30.157.136.12,RO42KFIY1395561936018624,2024-09-15 10:25:22,24272,482,346,552999
Georgian Aanei,georgianaanei,georgianaanei@141.ro,3771103321262,1953-02-03,"Drumul Suciu Nr. 144 Bl. 97  Sc. 43 Ap. 849, Valea Mare (Babeni), 631790",0242 857 179,24:5a:8c:21:f4:6d,105.124.86.244,RO10TYFW7469368024840789,2025-04-11 10:21:41,29723,217,514,1967570
Ludmila Eftimie,ludmilaeftimie,ludmilaeftimie@acasa.ro,5821123328142,1981-11-07,"Aleea Ioniță Nr. 604, Zalau, 656479",0736 384 749,de:06:e7:ec:2f:e3,145.120.230.77,RO12WNXE7406356948726097,2024-09-11 15:23:52,31607,691,626,373837
Oana Stancu,oanastancu,oanastancu@zzup.ro,1410427123701,2006-10-10,"Drumul Diaconu Nr. 781 Bl. 86  Sc. 43 Ap. 710, Cluj-Napoca, 476032",0785 668 936,2c:4f:37:85:e8:b0,129.21.234.18,RO48QWIO3240590462551317,2024-06-16 09:22:44,22579,906,73,499201
Alida Ene,alidaene,alidaene@email.ro,7410930361814,1957-01-17,"Bulevardul Popa Nr. 16, Vicovu de Jos, 934970",0761 317 650,e7:9e:ca:ef:be:a7,11.81.68.10,RO13BUXA6386334354060516,2024-08-06 03:56:11,10751,731,389,198856
Lucențiu Toma,lucențiutoma,lucențiutoma@post.ro,3430529431722,2021-03-31,"Drumul Marcel Tudor, Draganesti-Olt, 268102",0765 290 443,8f:59:df:cf:db:0f,108.20.179.109,RO25WUWZ7115457970083306,2024-06-03 17:53:25,2171,373,22,618750
Steliana Nistor,steliananistor,steliananistor@gmail.com,5580301253167,1972-08-22,"Bulevardul Tomescu Nr. 496 Bl. 64  Sc. 55 Ap. 815, Baia Mare, 111485",0237 746 473,cf:fa:4c:ad:02:56,29.26.78.108,RO11YSZF0198702247017972,2025-01-21 05:11:57,782,101,228,772957
Ionelia Ene,ioneliaene,ioneliaene@gmail.com,6070907110862,1910-05-30,"Strada Ilie Toma Nr. 60, Gugesti, 635053",0760 328 482,05:6d:70:b2:08:83,216.25.149.38,RO68YFCF1984480650547624,2025-03-07 12:20:10,719,691,242,780612
Silviu Mocanu,silviumocanu,silviumocanu@zzup.ro,7250218333344,2016-10-29,"Intrarea Tudor, Pantelimon, 727045",0762 430 692,52:20:8b:59:fa:ea,2.44.154.195,RO48HDXB1701658737336276,2024-09-12 12:29:14,7762,414,798,598342
Mălina Cristea,mălinacristea,mălinacristea@zzup.ro,5530224272481,2000-02-24,"Strada Preda, Deta, 500600",0254 865 726,a6:8d:69:14:8c:4b,136.20.249.127,RO57OTDG2158536925813468,2025-03-06 08:54:08,12950,827,688,24116
Lelia Dima,leliadima,leliadima@141.ro,8721003459823,1946-02-15,"Soseaua Ababei Nr. 252 Bl. 26  Sc. 36 Ap. 924, Horodnic de Sus, 964642",0251 153 201,08:00:ff:9c:95:dc,156.254.88.61,RO40NTBI6012549348869187,2024-09-13 11:36:21,19349,891,714,801169
Damian Georgescu,damiangeorgescu,damiangeorgescu@email.ro,4710902093587,1984-02-19,"Soseaua Dumitrescu, Ocna Mures, 122676",0233 762 915,56:b9:7c:9a:fb:70,6.223.31.149,RO25URQR2500945311443432,2024-07-27 05:20:06,30471,868,86,332529
Andra Gheorghiu,andragheorghiu,andragheorghiu@zzup.ro,5481115307836,1957-09-06,"Aleea Roberta Ionescu Nr. 36 Bl. 84  Sc. 44 Ap. 162, Peretu, 987566",0729 610 246,6a:dd:21:83:b6:e1,199.185.47.2,RO15IUUG7711293105690670,2024-07-12 18:27:21,359,565,654,918448
Dorina Voinea,dorinavoinea,dorinavoinea@email.ro,2770931087076,1932-03-07,"Intrarea Preda Nr. 164, Moinesti, 348352",0762 718 405,33:b8:51:6a:04:07,98.24.255.218,RO10JLAZ5189953769906154,2025-02-22 05:32:56,18914,826,709,1074001
Lioara Stănescu,lioarastănescu,lioarastănescu@email.ro,2860413076004,2021-10-26,"Aleea Preda, Harlau, 774896",0253 346 360,53:8a:f2:bc:db:95,203.86.171.65,RO62IUOY6747378143547965,2024-07-01 20:59:34,7028,323,38,1049213
Oana Oprea,oanaoprea,oanaoprea@acasa.ro,4511226092731,1924-02-20,"Drumul Norica Mocanu Nr. 593 Bl. 79  Sc. 29 Ap. 508, Tufesti, 481793",0235 841 139,a7:81:33:92:58:85,153.90.120.95,RO55FKJA0813424949521951,2025-03-23 23:37:41,13177,962,25,1176319
Iulia Mazilescu,iuliamazilescu,iuliamazilescu@gmail.com,3500308519074,1994-08-02,"Strada Diaconescu, Horodnic de Sus, 601404",0771 728 140,87:e8:ab:65:22:99,77.223.167.234,RO05UHKU2944329066624150,2025-03-03 10:33:13,8065,677,178,1361216
Arian Tabacu,ariantabacu,ariantabacu@zzup.ro,7550205219878,1982-05-08,"Bulevardul Mazilescu, Lumina, 299144",0256 443 606,c9:a7:e5:62:c8:2b,54.159.112.133,RO83RIKS8588311110425844,2024-12-25 00:51:30,9034,194,628,162501
Fabiana Ardelean,fabianaardelean,fabianaardelean@kappa.ro,8880814017568,1983-09-10,"Intrarea Dobre, Copsa Mica, 504076",0771 623 410,03:37:63:db:a1:57,99.157.220.6,RO25UNTY2209511996529688,2024-06-13 05:23:24,825,118,78,1671512
Nicu Suciu,nicusuciu,nicusuciu@kappa.ro,8281016122519,2001-08-29,"Soseaua Pușcașu, Husi, 781961",0242 819 252,77:6c:2c:b5:fc:ac,32.10.138.29,RO91PXSF6519663421238174,2024-06-10 09:01:04,3277,800,541,6534
Paul Dima,pauldima,pauldima@post.ro,6230228395381,1933-11-24,"Strada Oprea Nr. 178 Bl. 94  Sc. 85 Ap. 201, Arad, 854997",0731 047 386,53:b0:e7:64:81:2c,166.86.225.184,RO56RKLB7246573672529531,2024-09-03 23:43:36,15744,930,760,208186
Jeana Marin,jeanamarin,jeanamarin@email.ro,3600709031761,1971-03-31,"Strada Melania Tudor Nr. 83, Bragadiru, 651877",0740 389 568,57:ff:4a:05:5f:e3,107.158.195.150,RO90JTCF2845333325169171,2025-04-12 02:40:48,31204,719,151,628930
Jenel Niță,jenelniță,jenelniță@acasa.ro,6160624361181,1912-08-31,"Bulevardul Cristea Nr. 82 Bl. 72  Sc. 94 Ap. 974, Mizil, 258948",0240 034 620,06:4f:d7:d0:fe:2d,105.199.8.43,RO07DSXH5263372398073313,2024-05-16 04:20:56,20219,123,456,838108
Alis Mocanu,alismocanu,alismocanu@zzup.ro,8940917399630,1922-07-14,"Aleea Nistor Nr. 735, Dragalina, 668781",0724 369 133,26:37:3e:11:a9:57,181.131.238.162,RO68ZTGI7041198406748674,2025-05-01 04:01:09,26599,614,153,889311
Svetlana Albu,svetlanaalbu,svetlanaalbu@gmail.com,4020913125279,1995-08-29,"Drumul Dumitrescu Nr. 81 Bl. 89  Sc. 59 Ap. 349, Vulcan, 914269",0747 281 585,79:da:20:84:2c:72,89.189.124.183,RO24ABJO3765691811665321,2025-03-28 20:31:01,25226,142,1,1474366
Ariadna Ionescu,ariadnaionescu,ariadnaionescu@email.ro,4250812165578,1987-01-29,"Soseaua Ioniță Nr. 516 Bl. 74  Sc. 20 Ap. 742, Viseu de Sus, 510152",0736 850 488,bd:03:5e:66:02:bc,132.66.31.136,RO64SPIA0514522045977709,2025-01-17 21:38:41,8676,11,70,1849486
Vasile Popa,vasilepopa,vasilepopa@acasa.ro,4751116292876,2014-06-21,"Intrarea Diaconescu, Urlati, 157700",0238 884 798,6e:fc:d7:bc:ee:47,166.163.196.136,RO72UPAW8474393241915711,2024-07-05 07:25:56,4404,137,413,1546359
Alida Oprea,alidaoprea,alidaoprea@gmail.com,7380320448343,1929-09-22,"Aleea Manole Nr. 92, Dobroesti, 307688",0742 681 395,1f:28:4b:10:aa:71,206.28.1.248,RO86VBUH9675321832759985,2025-04-21 16:43:23,1091,254,234,350238
Sever Ene,severene,severene@post.ro,5731224116319,1911-10-04,"Drumul Mazilescu Nr. 275, Aiud, 371882",0739 072 063,03:ae:6b:18:97:00,4.57.39.15,RO24VHDN9772324513832395,2024-08-13 03:49:28,21540,674,784,940288
Cezar Tudor,cezartudor,cezartudor@post.ro,7080217203865,1987-05-13,"Intrarea Popescu, Raducaneni, 364087",0711 208 131,20:5e:84:15:e0:67,18.173.3.205,RO51QYGP9239201122447610,2025-03-05 00:06:49,12064,852,514,343842
Remus Barbu,remusbarbu,remusbarbu@acasa.ro,5530512182415,1980-09-08,"Aleea Dochioiu Nr. 362 Bl. 16  Sc. 45 Ap. 743, Babadag, 610355",0770 275 906,00:e7:ef:78:02:a4,220.92.171.237,RO32LGHG0288618621395138,2025-01-10 05:34:58,18962,707,427,1799936
Aurică Ioniță,auricăioniță,auricăioniță@acasa.ro,6901017078114,1944-05-15,"Bulevardul Ardelean, Bals, 628826",0767 638 138,8f:0b:81:44:90:69,85.110.10.236,RO21AVGS7703217350621891,2024-10-28 11:56:07,10485,162,405,729068
Iosefina Niță,iosefinaniță,iosefinaniță@kappa.ro,3570602270715,1994-11-05,"Intrarea Despina Stan, Zarnesti, 659107",0251 200 586,b9:91:ff:86:7f:85,94.230.120.124,RO21LWKT4523475974846849,2025-04-04 07:46:27,3389,727,555,1229976
Octaviana Pop,octavianapop,octavianapop@post.ro,8961105403628,1970-12-20,"Bulevardul Brăduț Georgescu Nr. 43 Bl. 45  Sc. 58 Ap. 325, Siret, 469515",0732 758 922,40:f8:74:74:73:08,210.155.16.165,RO69RWIQ0604050211117579,2024-08-12 08:28:26,30799,349,508,1404032
Stan Oprea,stanoprea,stanoprea@gmail.com,5790927398338,1923-11-07,"Drumul Gheorghiu, Sighetu Marmatiei, 239600",0753 497 549,84:a8:13:78:91:74,79.114.225.168,RO38ZEVW5474928261039930,2025-04-03 13:49:14,12312,838,337,1286617
Adrian Ioniță,adrianioniță,adrianioniță@acasa.ro,6130620055561,2019-02-03,"Bulevardul Cornelia Marin Nr. 345, Chisineu-Cris, 204885",0727 170 968,ee:8a:a7:be:1b:e0,27.42.174.105,RO32CWVZ8640078771044935,2024-11-07 22:50:15,23753,201,162,432531
Nidia Pușcașu,nidiapușcașu,nidiapușcașu@email.ro,2870507095469,1951-05-16,"Aleea Oprea Nr. 506, Urlati, 789116",0723 619 169,26:c5:4c:02:27:15,117.220.50.55,RO09XLHY2276658196075178,2025-01-27 15:41:53,24887,185,711,300132
Roza Aanei,rozaaanei,rozaaanei@post.ro,7230822057275,1962-03-03,"Drumul Manole, Comanesti, 115525",0734 915 386,d8:49:4a:90:6d:86,81.11.254.176,RO50JXXL5411897024489923,2024-12-27 03:20:38,21220,809,556,546930
Dochia Tabacu,dochiatabacu,dochiatabacu@zzup.ro,3480628014882,2018-11-01,"Aleea Stela Gheorghiu Nr. 162, Baile Borsa, 410724",0741 692 850,07:b1:17:4c:fb:55,192.81.147.140,RO61BSYA4601069512941246,2024-06-16 23:05:10,13706,144,536,1762123
Marinela Ene,marinelaene,marinelaene@141.ro,2420922047656,1940-10-29,"Aleea Olivia Niță, Ianca, 231976",0749 601 117,3a:e5:49:41:92:f3,77.68.143.222,RO62WGZN8859937475194386,2024-11-22 00:32:01,11771,663,76,1367599
Varvara Tudor,varvaratudor,varvaratudor@post.ro,4530811370436,2010-08-06,"Bulevardul Mazilescu, Rodna, 993129",0253 558 098,fd:08:0c:d5:e6:51,159.201.42.8,RO72URPS8918500169025150,2024-10-28 16:47:43,2937,819,102,1406815
Giorgiana Pop,giorgianapop,giorgianapop@acasa.ro,4530808155224,1949-01-10,"Intrarea Pop, Buhusi, 272744",0261 721 098,1c:ca:9d:9d:f9:7f,54.203.124.14,RO41CSRU5853314930240664,2025-02-03 21:39:58,22469,854,367,732363
Eduard Ionescu,eduardionescu,eduardionescu@kappa.ro,7401119230081,1938-01-07,"Aleea Leonard Stan Nr. 476, Cluj-Napoca, 674758",0260 981 195,61:d8:50:89:85:13,110.235.97.130,RO43WMUR9315069960381425,2024-06-22 23:04:08,19291,509,244,315583
Silvia Pop,silviapop,silviapop@post.ro,3860528519863,2022-09-29,"Aleea Manole Nr. 85 Bl. 81  Sc. 65 Ap. 384, Boldesti-Scaeni, 635229",0720 507 254,ee:7d:48:58:96:e8,65.155.32.10,RO61LJXC4462426008328268,2024-09-14 10:19:25,16446,21,285,566557
Denisa Popescu,denisapopescu,denisapopescu@zzup.ro,7420611308249,1929-04-27,"Strada Ababei Nr. 214, Targu Frumos, 950804",0234 241 001,50:52:e7:f0:0b:1b,36.152.152.223,RO38LVZI5304565249047428,2024-08-12 15:38:39,1986,198,501,1279768
Anuța Stoica,anuțastoica,anuțastoica@zzup.ro,7391008044048,1968-06-10,"Drumul Suciu Nr. 77 Bl. 77  Sc. 62 Ap. 484, Adjud, 793611",0757 064 339,0e:7d:15:42:98:16,10.143.85.55,RO49YSPK1102715661612500,2024-12-14 16:34:47,9937,980,715,1177171
Nelu Mocanu,nelumocanu,nelumocanu@gmail.com,6610205046906,1942-11-24,"Bulevardul Grațiela Stancu Nr. 59 Bl. 88  Sc. 18 Ap. 415, Gilau, 679681",0265 740 799,92:a2:0a:5e:cb:01,176.58.76.83,RO07BBLB3768770184064373,2024-06-26 03:40:57,12426,814,14,1820019
Georgiana Tudor,georgianatudor,georgianatudor@acasa.ro,5550701190836,1947-12-14,"Soseaua Claudia Nistor, Babadag, 949824",0751 932 210,bf:9c:ff:01:0f:c7,16.213.178.43,RO22MXXW7802228504433644,2024-10-02 05:21:15,11781,139,212,375240
Anaida Niță,anaidaniță,anaidaniță@post.ro,2311004044157,1996-07-20,"Bulevardul Pușcașu Nr. 639 Bl. 81  Sc. 73 Ap. 817, Agnita, 499536",0751 338 984,01:6f:9f:45:8d:a6,191.151.174.41,RO44SXKM1860618280143539,2024-12-29 17:14:01,3624,730,40,1437617
Mitruț Voinea,mitruțvoinea,mitruțvoinea@email.ro,1490512119690,1916-11-23,"Strada Irina Manole Nr. 36 Bl. 82  Sc. 66 Ap. 484, Baicoi, 385315",0734 580 180,6f:f3:9c:dd:ed:76,34.175.178.213,RO66HSGY4412206271273225,2024-06-21 19:50:16,12829,744,196,288666
Aleodor Popa,aleodorpopa,aleodorpopa@email.ro,4621123029963,1928-07-13,"Soseaua Niță Nr. 411, Prejmer, 935187",0242 133 992,10:0b:67:1d:f0:5a,52.76.250.106,RO74CIES8241902864505663,2024-07-13 05:03:54,30966,371,134,433782
Alexe Barbu,alexebarbu,alexebarbu@acasa.ro,3890305110121,1949-01-31,"Strada Sebastian Tudor, Resita, 944359",0721 063 288,e5:a6:ae:5d:51:c3,82.74.53.10,RO64KSKD4779399414919509,2024-06-19 01:02:27,16505,959,40,493370
Georgia Dochioiu,georgiadochioiu,georgiadochioiu@email.ro,4360810185563,1973-02-05,"Bulevardul Niță, Copsa Mica, 104918",0261 760 728,6e:d4:5f:36:d8:a2,93.246.31.106,RO53DWGT5612922541403491,2025-04-19 22:11:23,28923,195,381,563639
Nelu Gheorghiu,nelugheorghiu,nelugheorghiu@kappa.ro,5430310357906,1911-10-27,"Aleea Nistor Nr. 93 Bl. 42  Sc. 29 Ap. 453, Vladimirescu, 123435",0256 033 855,fd:c1:02:16:31:94,101.75.138.194,RO54OWEK4920012299281620,2024-08-04 07:20:34,11223,701,332,1138359
Camil Dumitrescu,camildumitrescu,camildumitrescu@email.ro,4181103074811,1927-02-02,"Strada Ioniță Nr. 393, Targu Secuiesc, 786006",0784 175 372,d4:75:09:da:a0:3a,205.6.171.214,RO80EYEB1086407280985949,2025-03-06 12:42:42,13767,284,145,658567
Codruț Cristea,codruțcristea,codruțcristea@gmail.com,2560324251988,2018-06-24,"Strada Dobre, Corabia, 822106",0733 472 938,5a:0e:54:3e:6b:46,33.239.247.155,RO84BVBE4258558654897974,2024-05-30 23:57:59,29393,627,567,964189
Dinu Pop,dinupop,dinupop@email.ro,7880906190607,1911-05-20,"Soseaua Dinu Nr. 70 Bl. 99  Sc. 26 Ap. 986, Copsa Mica, 718999",0734 910 642,4b:94:07:e5:b7:4e,129.210.183.155,RO48NSBH0715087805228022,2024-06-23 23:09:52,23755,686,409,122911
Darius Manole,dariusmanole,dariusmanole@post.ro,4230908376891,1973-10-13,"Aleea Niță, Roman, 702287",0257 099 797,a6:d0:db:b3:53:94,168.39.94.219,RO66ZOMI1099778146735927,2024-07-20 04:11:39,15524,368,352,33384
Tudorița Barbu,tudorițabarbu,tudorițabarbu@email.ro,6860510022900,1942-03-30,"Soseaua Venera Ardelean Nr. 232 Bl. 76  Sc. 60 Ap. 915, Negresti, 996843",0770 569 210,99:4b:99:6f:dc:b0,139.244.171.159,RO13JHRH5610200459308981,2025-01-17 17:36:41,10364,771,75,599078
Geanina Dumitrescu,geaninadumitrescu,geaninadumitrescu@141.ro,5711110282820,1935-11-12,"Aleea Florea Nr. 74 Bl. 41  Sc. 20 Ap. 856, Pitesti, 181226",0233 303 274,9a:ed:f3:d4:0a:c5,185.125.109.72,RO16DUJD9407916933730250,2024-09-14 07:43:55,33460,140,22,107781
Ilinca Popa,ilincapopa,ilincapopa@post.ro,2031221182509,1943-08-23,"Intrarea Tiberia Ionescu Nr. 66, Piatra-Neamt, 388449",0254 076 541,e6:7b:d4:49:86:de,213.152.61.243,RO58OQQN9903536335974646,2024-12-09 11:40:26,31149,486,629,244828
Norman Tabacu,normantabacu,normantabacu@post.ro,6400120325527,2020-03-02,"Intrarea Aanei Nr. 55 Bl. 23  Sc. 24 Ap. 968, Valea lui Mihai, 891172",0256 107 028,94:55:ef:29:50:2e,48.44.13.131,RO61UHYS4843597279431406,2024-10-18 18:43:42,35291,383,512,1202466
Iasmina Stoica,iasminastoica,iasminastoica@gmail.com,5340628386957,1959-05-17,"Soseaua Nistor Nr. 32 Bl. 16  Sc. 53 Ap. 798, Suceava, 578687",0264 388 174,31:04:23:17:6b:a0,11.96.44.16,RO27SULM0237589799112673,2025-03-14 04:41:24,34612,994,358,1079746
Relu Georgescu,relugeorgescu,relugeorgescu@email.ro,1570704076296,1932-10-05,"Intrarea Grațian Pușcașu Nr. 51, Maieru, 227308",0770 669 579,37:79:ef:01:38:92,179.108.164.141,RO43RSZK4507941039089137,2024-09-02 00:56:29,1911,440,726,1543014
Simona Ioniță,simonaioniță,simonaioniță@kappa.ro,4880113279771,1996-11-04,"Intrarea Beatrice Suciu Nr. 769 Bl. 91  Sc. 39 Ap. 392, Marasesti, 162173",0735 527 402,5e:55:58:65:1b:8e,122.165.90.138,RO67CQQJ7453603138302263,2024-11-17 19:26:46,29719,562,99,171236
Brândușa Tabacu,brândușatabacu,brândușatabacu@email.ro,2271215181137,1976-04-27,"Aleea Marga Aanei Nr. 16, Pogoanele, 961317",0744 707 507,c2:5e:76:02:b8:14,155.38.231.15,RO72ALCY6479580313547869,2024-09-26 21:54:59,18869,997,744,101369
Tamara Pușcașu,tamarapușcașu,tamarapușcașu@email.ro,3371012210061,2012-07-29,"Strada Stănescu Nr. 79 Bl. 98  Sc. 62 Ap. 997, Slatina, 426981",0264 852 395,4e:f8:29:9c:bb:af,2.69.6.207,RO74OYVQ4241881933105786,2024-12-18 02:34:16,31908,421,382,1381649
Jenel Dinu,jeneldinu,jeneldinu@post.ro,1080803515591,1947-06-11,"Drumul Toma, Gheorgheni, 114370",0239 012 748,81:df:e1:6e:4e:b5,101.31.236.167,RO34ZCAH1457685191192839,2025-04-22 17:25:19,183,573,562,197545
Fabian Ababei,fabianababei,fabianababei@post.ro,2070806456328,2016-05-22,"Aleea Călin Pop, Domnesti, 348725",0765 831 139,bb:28:7b:f5:98:e9,86.144.171.77,RO19ARNO5153859815641047,2024-06-16 21:55:06,19682,32,351,596813
Oliviu Dumitrescu,oliviudumitrescu,oliviudumitrescu@zzup.ro,5181016428706,1969-11-03,"Aleea Brăduț Eftimie Nr. 408 Bl. 13  Sc. 53 Ap. 142, Sebes, 607632",0243 654 411,7e:cb:cf:af:57:7f,90.154.105.195,RO76NSHX1308107314208143,2024-12-28 00:07:24,2094,893,302,474671
Elisaveta Eftimie,elisavetaeftimie,elisavetaeftimie@141.ro,7030228290969,2018-09-22,"Soseaua Tomescu Nr. 678 Bl. 10  Sc. 18 Ap. 903, Rovinari, 885745",0255 682 738,23:77:9e:85:88:7b,137.16.159.255,RO61GZKX3482626106703903,2025-05-05 18:23:30,33748,457,591,412006
Lăcrămioara Barbu,lăcrămioarabarbu,lăcrămioarabarbu@acasa.ro,4950408371092,1963-09-18,"Intrarea Pușcașu Nr. 126 Bl. 53  Sc. 63 Ap. 503, Corund, 864360",0231 272 329,34:56:cd:c1:01:d0,130.66.131.62,RO92QGIA5597026497906029,2024-08-26 12:26:47,17042,26,388,963048
Catinca Preda,catincapreda,catincapreda@141.ro,7840213268443,2003-08-02,"Strada Popescu, Beius, 737111",0251 119 141,33:09:85:9b:3e:09,51.212.70.174,RO97EMVM3484391005570626,2024-12-17 01:53:30,7928,27,742,453735
Edgar Mocanu,edgarmocanu,edgarmocanu@gmail.com,5481216359058,2003-11-17,"Drumul Ionescu Nr. 630 Bl. 39  Sc. 33 Ap. 113, Gura Humorului, 541541",0236 231 917,e8:df:74:da:51:56,84.88.50.220,RO37VGYX8413456800979257,2024-08-01 11:46:05,7210,956,423,652937
Marina Florea,marinaflorea,marinaflorea@141.ro,1051124283248,2021-04-04,"Aleea Luminița Mazilescu Nr. 433 Bl. 88  Sc. 35 Ap. 177, Constanta, 989934",0266 844 249,3a:07:09:9d:f1:6c,104.185.48.151,RO81UYBI8211856616469946,2024-09-03 07:58:21,2749,736,742,1879890
Petre Stancu,petrestancu,petrestancu@email.ro,3260829437275,1990-06-14,"Intrarea Ioniță Nr. 571 Bl. 95  Sc. 76 Ap. 431, Gherla, 991098",0723 288 989,cb:87:be:de:b2:1b,32.108.47.120,RO68KZVK1213206380788043,2025-03-11 04:50:25,3210,525,545,1140577
Iulian Dobre,iuliandobre,iuliandobre@kappa.ro,2370914141881,2023-03-28,"Intrarea Haralambie Tomescu Nr. 37 Bl. 99  Sc. 54 Ap. 874, Cernavoda, 180517",0265 441 711,9a:ef:78:16:fb:35,143.88.205.116,RO38WRGL4250616390108525,2024-08-15 21:28:22,19075,592,338,1760534
Codruța Ionescu,codruțaionescu,codruțaionescu@kappa.ro,4280607020730,1991-08-23,"Bulevardul Sebastian Stănescu Nr. 21, Marasesti, 929332",0257 103 753,48:4f:19:cb:bb:ec,1.129.39.207,RO97FAYV7656688621066438,2025-01-30 08:01:26,8362,929,142,1217490
Sânziana Dobre,sânzianadobre,sânzianadobre@email.ro,5960123034008,1952-01-27,"Drumul Dima Nr. 535, Sovata, 769926",0771 276 021,f9:b2:49:eb:fd:ab,48.29.114.0,RO15MKIP0011629237439470,2025-03-02 08:16:16,26849,308,406,332394
Augustina Stancu,augustinastancu,augustinastancu@zzup.ro,5830930400301,1922-06-02,"Aleea Fiona Dobre Nr. 390, Bistrita, 792827",0258 769 678,39:1a:62:77:d5:61,144.232.175.206,RO32PNFP0485189180733897,2025-01-12 23:07:31,15459,406,395,10643
Voicu Ababei,voicuababei,voicuababei@kappa.ro,8361228099575,1910-09-12,"Aleea Barbu Nr. 75, Mihail Kogalniceanu, 122386",0259 183 848,34:f2:11:d2:e3:6a,185.84.206.86,RO19LEXU2362869871753228,2024-08-03 03:37:48,9600,77,352,1177466
Ruxandra Oprea,ruxandraoprea,ruxandraoprea@post.ro,8311013469670,1922-08-28,"Strada Venera Suciu Nr. 938 Bl. 17  Sc. 47 Ap. 851, Murfatlar, 382591",0780 176 183,86:17:d8:cf:a8:fe,142.224.219.203,RO68PKJA8209785106228696,2025-01-04 01:38:17,19120,886,50,374821
Cornelia Nistor,cornelianistor,cornelianistor@kappa.ro,8281012415616,1998-05-06,"Bulevardul Florea Nr. 20 Bl. 43  Sc. 15 Ap. 405, Valu lui Traian, 319899",0780 809 033,44:75:ff:d2:69:71,105.187.89.101,RO35PABV4486507948835888,2025-04-19 00:08:58,1050,205,507,36162
Caius Pop,caiuspop,caiuspop@gmail.com,5160508293971,1915-01-22,"Intrarea Ardelean, Stei, 120760",0260 164 084,13:f6:30:28:a1:a2,194.97.81.0,RO86YNAF5562167418421857,2024-11-07 19:19:33,2776,355,534,209718
Todor Nistor,todornistor,todornistor@gmail.com,3071221102898,1951-02-26,"Aleea Marin, Timisoara, 794535",0259 007 191,3c:90:ba:b3:33:03,39.224.213.171,RO06DTYW9895382601986984,2024-12-03 11:45:00,25828,254,217,673886
Norica Oprea,noricaoprea,noricaoprea@zzup.ro,7920217422734,1946-06-28,"Intrarea Oprea Nr. 85, Gugesti, 221187",0251 798 368,54:00:95:2e:14:68,116.57.211.140,RO07EHSH5790967699328192,2025-05-03 03:04:28,18333,124,316,886774
Bernard Nistor,bernardnistor,bernardnistor@email.ro,8811125015632,1942-06-27,"Bulevardul Marin Nr. 37 Bl. 26  Sc. 33 Ap. 544, Alba Iulia, 504469",0784 448 450,a1:e8:58:78:8e:4a,8.199.229.180,RO98IJSY3702683849333410,2024-05-19 07:30:50,23974,404,739,1239284
Sandu Manole,sandumanole,sandumanole@acasa.ro,8290203015177,2025-02-17,"Soseaua Suciu Nr. 302 Bl. 18  Sc. 21 Ap. 737, Jimbolia, 768372",0265 202 850,f3:1d:b5:45:d3:98,42.20.140.185,RO37FJUL6708751648553231,2025-04-15 09:13:03,4086,276,776,912718
Ernest Manole,ernestmanole,ernestmanole@zzup.ro,6211103445992,2021-05-26,"Bulevardul Dochioiu Nr. 82 Bl. 64  Sc. 19 Ap. 702, Beius, 343993",0755 038 402,e3:3b:6c:e4:b8:87,190.67.123.49,RO47AISE1938255072946124,2024-11-02 10:16:13,21527,522,629,852242
Denis Stoica,denisstoica,denisstoica@gmail.com,8770203252132,1964-05-12,"Bulevardul Voinea Nr. 791, Zalau, 885673",0720 654 987,3f:f1:2b:8a:25:c1,72.64.139.7,RO54EWXZ3600915741498068,2024-08-11 10:35:26,30137,825,611,891932
Jeana Nistor,jeananistor,jeananistor@141.ro,3281007144320,2018-07-10,"Intrarea Atena Nistor Nr. 96 Bl. 16  Sc. 46 Ap. 506, Mangalia, 894534",0265 757 827,eb:ca:43:b4:3f:cf,102.226.67.39,RO67JFHP8684901491943981,2024-10-20 14:00:52,19055,139,693,1544295
Sava Florea,savaflorea,savaflorea@gmail.com,3020415455608,1925-11-22,"Intrarea Stan Nr. 893, Raducaneni, 913197",0753 675 186,b5:fe:cd:3d:e4:8a,179.238.39.170,RO75OWOW0294399329211372,2024-08-10 05:24:36,11044,611,37,385614
Norica Mazilescu,noricamazilescu,noricamazilescu@zzup.ro,6741010237703,1965-05-24,"Aleea Luminița Popa Nr. 72, Marginea, 575675",0731 700 724,e1:90:6b:92:ea:0d,22.211.139.138,RO83NYFQ9627745834999079,2024-09-14 17:36:44,9629,72,559,1246893
Petruța Stancu,petruțastancu,petruțastancu@email.ro,8620416111261,2018-07-28,"Aleea Simion Diaconu, Ocna Mures, 687049",0268 693 069,d4:ba:aa:69:a0:80,74.19.19.156,RO30WRDQ2852125706535791,2024-11-02 00:54:23,1368,402,38,572321
Inocențiu Ionescu,inocențiuionescu,inocențiuionescu@kappa.ro,1840831080661,1912-10-31,"Aleea Raluca Mazilescu Nr. 827, Toflea, 880541",0249 617 212,f2:c6:da:ea:64:1d,100.27.34.20,RO40EYNS5771397422798868,2024-11-28 21:42:39,26333,33,83,23900
Georgia Voinea,georgiavoinea,georgiavoinea@kappa.ro,8171005330666,1918-05-03,"Strada Dumitrescu Nr. 72, Dumbraveni, 269809",0769 472 274,33:68:22:5b:68:8f,177.213.7.220,RO74WSLI3304329570606234,2024-12-26 16:39:49,9177,254,765,1670684
Frusina Toma,frusinatoma,frusinatoma@acasa.ro,1260310215938,2007-03-30,"Soseaua Eftimie Nr. 324, Boldesti-Scaeni, 665806",0720 380 999,fb:91:7f:18:7d:1c,158.138.83.154,RO09RQQS6682390211048502,2024-06-23 17:04:15,30104,485,201,922503
Ionelia Dochioiu,ioneliadochioiu,ioneliadochioiu@acasa.ro,4850524044700,2012-08-27,"Drumul Cristea Nr. 49, Cobadin, 718956",0735 639 886,a6:71:d5:b9:7a:68,16.179.69.92,RO54TKSN9179509392866775,2024-10-02 11:13:12,234,644,201,1118952
Adi Eftimie,adieftimie,adieftimie@email.ro,7620412347228,1962-02-03,"Strada Tudor, Pipera (Voluntari), 162717",0756 909 161,e3:26:33:da:1e:df,216.197.195.241,RO58KGBO0544889600149798,2024-06-25 02:57:14,8732,554,109,315180
Antonela Gheorghiu,antonelagheorghiu,antonelagheorghiu@email.ro,5771114513702,1917-07-15,"Aleea Safta Georgescu Nr. 31 Bl. 87  Sc. 53 Ap. 285, Iernut, 879683",0737 657 430,fe:93:c8:a9:e3:73,207.170.28.15,RO79HARM5125094816788755,2024-09-27 19:48:42,308,518,475,93252
Steluța Marin,steluțamarin,steluțamarin@post.ro,8230814227995,1935-09-13,"Intrarea Georgescu, Pucioasa, 693993",0239 879 827,88:67:ae:6a:55:2a,151.90.180.93,RO70EWZO0505118040991708,2025-04-27 05:29:22,18633,476,601,174695
Alida Tabacu,alidatabacu,alidatabacu@kappa.ro,8041126053951,1955-09-18,"Drumul Voinea Nr. 90, Jibou, 763915",0725 575 179,99:91:f4:0e:af:6b,147.224.153.140,RO83DHAS6831716815483172,2024-10-16 06:29:39,24307,443,430,1971605
Eric Cristea,ericcristea,ericcristea@post.ro,3410323252797,1984-10-14,"Strada Oprea, Cristuru Secuiesc, 779932",0235 602 184,03:f2:1c:80:8b:b3,94.43.84.205,RO33XZOK6601255881789946,2024-10-22 06:00:24,13165,14,162,1322848
Nidia Niță,nidianiță,nidianiță@email.ro,8310625378534,2005-04-08,"Drumul Rafila Nistor Nr. 32 Bl. 81  Sc. 76 Ap. 911, Sabaoani, 838694",0724 410 568,3b:fc:c7:91:c0:6e,191.137.252.33,RO49YWXV3254422590615585,2024-10-03 04:40:17,26288,292,183,1933440
Silviana Ionescu,silvianaionescu,silvianaionescu@post.ro,7360428085268,1941-11-16,"Intrarea Toma Nr. 42 Bl. 56  Sc. 89 Ap. 939, Strehaia, 897461",0267 220 805,3d:0e:c6:3a:e8:da,96.58.1.192,RO05FMNL3365029809863200,2024-05-13 22:20:30,19248,494,790,522001
Dalia Nemeș,dalianemeș,dalianemeș@post.ro,6640817361988,1981-07-13,"Intrarea Stănescu Nr. 85 Bl. 87  Sc. 76 Ap. 224, Boldesti-Scaeni, 926418",0231 629 203,f1:f8:7d:9a:3d:a5,91.185.97.110,RO32JUPZ3467782947705791,2024-10-13 04:07:14,14829,534,42,1099362
Francesca Tomescu,francescatomescu,francescatomescu@141.ro,3080818404505,1928-04-09,"Strada Henrieta Popescu, Turnu Magurele, 118246",0752 845 011,11:ba:44:0c:0a:df,204.197.4.48,RO63HMNQ1170020840436739,2024-10-11 06:48:17,27225,241,429,126582
Cipriana Marin,ciprianamarin,ciprianamarin@acasa.ro,4990930141193,1980-06-12,"Aleea Popa, Cluj-Napoca, 765281",0245 668 914,55:ea:4b:cd:ce:60,55.135.251.37,RO44MELX2415128057051063,2025-01-06 00:25:12,881,964,718,312695
Alberta Dinu,albertadinu,albertadinu@gmail.com,7880712024235,2011-11-05,"Drumul Niță, Comanesti, 324005",0234 471 689,18:39:02:18:07:b5,122.178.240.173,RO04FLVV4502611407812277,2024-10-23 15:57:57,27925,443,133,373267
